Index,संस्कृतम्,Morphological Analysis,शब्दविश्लेषणम्,हिन्दी-विभक्ति:,हिन्दी अर्ध,English Meaning
,1.Aरामायणम्,1.CB-A,1.Dरामायण{1}{नपुं-ए.},1.Eरामायण+{0/ने},1.Fरामायणम्,1.Gरामायणम्
2.1.A,तपः-स्वाध्याय-निरतम्,2.1.CB-B,2.1.Dतपः-स्वाध्याय-निरत{2}{पुं-ए.},2.1.Eतपः-स्वाध्याय-निरत+{को2},2.1.Fतप~एवं~स्वाध्याय~में~संलग्न,2.1.GWho_is_constantly_engaged_in_penance_and_self-study
,तपस्वी,B-A,तपस्विन्{1}{पुं-ए.},तपस्विन्+{0/ने},तपस्वी,One_who_performs_penance
,वाग्-विदाम्,B-F,वाग्विद्{6}{पुं-ब.},वाग्विद्+{का},शास्त्रज्ञों~में,amongst_wise_men
,वरम्,B-B,वर{2}{पुं-ए.},वर+{को2},श्रेष्ठ,greatest
2.2.A,नारदम्,2.2.CB-B,2.2.Dनारद{2}{पुं-ए.},2.2.Eनारद+{को2},2.2.Fदेवर्षि~नारद~से,2.2.Gto_the_devine_sage_Narada
,परि-पप्रच्छ,B-v,परि+प्रच्छ्{कर्तरि_लिट्_प्रपु_ए.},परि+प्रच्छ्{कर्तरि_लिट्_प्रपु_ए.},पूछा,asked
,वाल्मीकिः,B-A,वाल्मीकि{1}{पुं-ए.},वाल्मीकि+{0/ने},महर्षि~वाल्मीकि,sage_named_Valmiki
,मुनि-पुङ्गवम्,B-B,मुनि-पुङ्गव{2}{पुं-ए.},मुनि-पुङ्गव+{को2},मुनि-श्रेष्ठ,greatest_among_sages
,1,-,1,1,1,1
3.1.A,कः,3.1.CB-A,3.1.Dकिम्{1}{पुं-ए.},3.1.Eकिम्+{0/ने},3.1.Fकौन,3.1.Gwho
,नु,-,नु,नु,नु,But
,अस्मिन्,B-G,इदम्{7}{पुं-ए.},इदम्+{में/पर},इस,in this
,साम्प्रतम्,-,साम्प्रतम्{वर्तमानार्थकम्},साम्प्रतम्{वर्तमानार्थकम्},इस~समय,now
,लोके,B-G,लोक{7}{पुं-ए.},लोक+{में/पर},लोक~में,world
,गुणवान्,B-A,गुणवत्{1}{पुं-ए.},गुणवत्+{0/ने},प्रशस्त~गुणों~से~युक्त,associated_with_virtues
,कः,B-A,किम्{1}{पुं-ए.},किम्+{0/ने},कौन,who
,च,-,च,च,भी,too
,वीर्यवान्,B-A,वीर्यवत्{1}{पुं-ए.},वीर्यवत्+{0/ने},पराक्रम~सम्पन्न,possessed_of_prowess
3.2.A,धर्मज्ञः,3.2.CB-A,3.2.Dधर्मज्ञ{1}{पुं-ए.},3.2.Eधर्मज्ञ+{0/ने},3.2.Fधर्म~के~ज्ञाता,3.2.Gknower_of_duties
,च,-,च,च,भी,too
,कृतज्ञः,B-A,कृतज्ञ{1}{पुं-ए.},कृतज्ञ+{0/ने},दूसरों~के~उपकार~को~याद~रखने~वाला,conscious_of_service_done_by_others
,च,-,च,च,भी,too
,सत्य-वाक्यः,B-A,सत्य-वाक्य{1}{पुं-ए.},सत्य-वाक्य+{0/ने},सदा~ही~सत्य~बोलने~वाला,one_who_always_speaks_truth
,दृढ-व्रतः,B-A,दृढ-व्रत{1}{पुं-ए.},दृढ-व्रत+{0/ने},दृढ~संकल्प~वाला,determined
,2,-,2,2,2,2
4.1.A,चारित्रेण,4.1.CB-C,4.1.Dचारित्र{3}{नपुं-ए.},4.1.Eचारित्र+{से3},4.1.Fचारित्र्य~से,4.1.Gright_conduct
,च,-,च,च,भी,too
,कः,B-A,किम्{1}{पुं-ए.},किम्+{0/ने},कौन,who
,युक्तः,B-A,युक्त{1}{पुं-ए.},युक्त+{0/ने},सम्पन्न,associated
,सर्व-भूतेषु,B-G,सर्व-भूत{7}{पुं-ब.},सर्व-भूत+{में/पर},सभी~प्राणियों~में,among_all_the_living_beings
,कः,B-A,किम्{1}{पुं-ए.},किम्+{0/ने},कौन,who
,हितः,B-A,हित{1}{पुं-ए.},हित+{0/ने},हित~करने~वाला,one_who_does_good
4.2.A,विद्वान्,4.2.CB-A,4.2.Dविद्वस्{1}{पुं-ए.},4.2.Eविद्वस्+{0/ने},4.2.Fशास्त्रों~का~ज्ञाता,4.2.Gman_of_sastric_knowledge
,कः,B-A,किम्{1}{पुं-ए.},किम्+{0/ने},कौन,who
,कः,B-A,किम्{1}{पुं-ए.},किम्+{0/ने},कौन,who
,समर्थः,B-A,समर्थ{1}{पुं-ए.},समर्थ+{0/ने},समर्थ,"capable,skilful"
,च,-,च,च,भी,too
,कः,B-A,किम्{1}{पुं-ए.},किम्+{0/ने},कौन,who
,च,-,च,च,भी,too
,एक-प्रिय-दर्शनः,B-A,एक-प्रिय-दर्शन{1}{पुं-एक},एक-प्रिय-दर्शन+{0/ने},सभी~का~हमेशा~प्रिय,one_who_is_dear_to_all
,3,-,3,3,3,3
5.1.A,आत्मवान्,5.1.CB-A,5.1.Dआत्मवत्{1}{पुं-ए.},5.1.Eआत्मवत्+{0/ने},5.1.Fस्वाधीन~अन्त:करण~वाला,5.1.Gsubduer_of_self
,कः,B-A,किम्{1}{पुं-ए.},किम्+{0/ने},कौन,who
,जित-क्रोधः,B-A,जित-क्रोध{1}{पुं-ए.},जित-क्रोध+{0/ने},क्रोध~को~वश~में~रखनेवाला,conquerer_of_anger
,द्युतिमान्,B-A,द्युतिमत्{1}{पुं-ए.},द्युतिमत्+{0/ने},कान्तियुक्त,radiant
,कः,B-A,किम्{1}{पुं-ए.},किम्+{0/ने},कौन,who
,अनसूयकः,-,अनसूयकः{1}{पुं-ए.},अनसूयकः+{0/ने},असूया~से~रहित,free_from_jealousy
5.2.A,कस्य,5.2.CB-F,5.2.Dकिम्{6}{पुं-ए.},5.2.Eकिम्+{का},5.2.Fकिससे,5.2.Gfrom_whom
,बिभ्यति,B-v,भी{कर्तरि_लट्_प्रपु_ब.},भी{कर्तरि_लट्_प्रपु_ब.},भयभीत~होते~हैं,do_fear
,देवाः,B-A,देव{1}{पुं-ब.},देव+{0/ने},देवता,the_gods
,च,-,च,च,भी,too
,जात-रोषस्य,B-F,जात-रोष{6}{पुं-ए.},जात-रोष+{का},क्रुद्ध~होने~(पर),when_wrath_is_provoked
,सम्-युगे,B-G,सम्-युग{7}{पुं-ए.},सम्-युग+{में/पर},युद्ध~में,in_the_battle
,4,-,4,4,4,4
6.1.A,एतद्,6.1.CB-B,6.1.Dएतद्{2}{नपुं-ए.},6.1.Eएतद्+{को2},6.1.Fइसे,6.1.Gएतद्
,इच्छामि,B-v,इष्{कर्तरि_लट्_उपु_ए.},इष्{कर्तरि_लट्_उपु_ए.},चाहता~हूँ,(I)desire
,अहम्,B-A,अस्मद्{1}{सर्व-ए.},अस्मद्+{0/ने},मैं,I
,श्रोतुम्,-,श्रोतुम्{तुमुन्नन्तम्},श्रोतुम्{तुमुन्नन्तम्},सुनना,to_hear
,परम्,-,परम्,परम्,उत्कट,great
,कौतूहलम्,B-A,कौतूहल{1}{नपुं-ए.},कौतूहल+{0/ने},कौतुक,curiosity
,हि,-,हि,हि,चूँकि,because
,मे,-,अस्मद्{6}{ए.},अस्मद्+{का},मेरा,mine
6.2.A,महर्षे,6.2.CB-G,6.2.Dमहर्षि{8}{पुं-1-ए.},6.2.Eमहर्षि+{में/पर},6.2.Fमुनिवर,6.2.GO_sage!
,त्वम्,B-A,युष्मद्{1}{ए.},युष्मद्+{0/ने},तुम~(आप),you
,समर्थः,B-A,समर्थ{1}{पुं-ए.},समर्थ+{0/ने},समर्थ,"capable,skillful"
,असि,B-v,अस्{कर्तरि_लट्_मपु_ए.},अस्{कर्तरि_लट्_मपु_ए.},हो,(you)are
,ज्ञातुम्,-,ज्ञातुम्{तुमुन्नन्तम्},ज्ञातुम्{तुमुन्नन्तम्},जानने~के~लिए,to_know
,एवं-विधम्,B-B,एवंविध{2}{पुं-ए.},एवंविध+{को2},उक्त~गुणों~से~युक्त,having_such_good_qualities
,नरम्,B-B,नर{2}{पुं-ए.},नर+{को2},मानव~को,to_man
,5,-,5,5,5,5
7.1.A,श्रुत्वा,7.1.C-,7.1.Dश्रु{क्त्वान्तम्},7.1.Eश्रु{क्त्वान्तम्},7.1.Fसुनकर,7.1.Gafter hearing
,च,-,च,च,भी,too
,एतत्,B-B,एतद्{2}{नपुं-ए.},एतद्+{को2},इसे,which was told earlier
,त्रिलोकज्ञः,B-A,त्रिलोकज्ञ{1}{पुं-ए.},त्रिलोकज्ञ+{0/ने},तीना~लोकों~के~ज्ञाता,knower_of_three_worlds
,वाल्मीकेः,B-F,वाल्मीकि{6}{पुं-ए.},वाल्मीकि+{का},रामायण~के~लेखक~वाल्मीकि~से,"to_Valmiki,the auther of Ramayana"
,नारदः,B-A,नारद{1}{पुं-ए.},नारद+{0/ने},देवर्षि~नारद,divine_sage_Narada
,वचः,B-B,वचस्{2}{नपुं-ए.},वचस्+{को2},पहले~कही~गयी~वाणी~को,speech
7.2.A,श्रूयताम्,7.2.C-,7.2.Dश्रु{कर्मणि_लोट्_प्रपु_ए./श्रु-भावे},7.2.Eश्रु{कर्मणि_लोट्_प्रपु_ए./श्रु-भावे},7.2.Fसुनिए,7.2.Gplease_hear
,इति,-,इति,इति,ऐसा,इति
,च,-,च,च,भी,too
,आ-मन्त्र्य,-,आ-मन्त्र्य{ल्यबन्तम्},आ-मन्त्र्य{ल्यबन्तम्},आह्वान~करके,by drawing attention
,प्र-हृष्टः,B-A,प्र-हृष्ट{1}{पुं-ए.},प्र-हृष्ट+{0/ने},प्रसन्न~(होते~हुए),being delighted
,वाक्यम्,B-B,वाक्य{2}{नपुं-ए.},वाक्य+{को2},वचन,statement
,अब्रवीत्,B-v,ब्रू{कर्तरि_लुङ्_प्रपु_ए.},ब्रू{कर्तरि_लुङ्_प्रपु_ए.},कहा,spoke_out
,6,-,6,6,6,6
8.1.A,बहवः,8.1.CB-A,8.1.Dबहु{1}{पुं-ब.},8.1.Eबहु+{0/ने},8.1.Fबहवः,8.1.Gmanifold
,दुर्लभाः,B-A,दुर्लभ{1}{पुं-ब.},दुर्लभ+{0/ने},दु:ख~से~प्राप्त~करने~योग्य,rare
,च,-,च,च,भी,too
,एव,-,एव,एव,एव,एव
,ये,B-A,यद्{1}{पुं-ब.},यद्+{0/ने},ये,those
,त्वया,B-C,युष्मद्{3}{पुं-ए.},युष्मद्+{से3},आपके~द्वारा,by_you
,कीर्तिताः,B-A,कीर्तित{1}{पुं-ब.},कीर्तित+{0/ने},कीर्तिताः,that_have_been_described
,गुणाः,B-A,गुण{1}{पुं-ब.},गुण+{0/ने},आदर्श~गुण,virtues
8.2.A,मुने,8.2.CB-H,8.2.Dमुनि{8}{पुं-1-ए.},8.2.Eमुनि{8}{पुं-1-ए.},8.2.Fहे~महर्षि~वाल्मीकि,8.2.GO_sage_Valmiki
,वक्ष्यामि,B-v,वच्{कर्तरि_लृट्_उपु_ए.},वच्{कर्तरि_लृट्_उपु_ए.},कहूँगा,shall_tell
,अहम्,B-A,अस्मद्{1}{सर्व-ए.},अस्मद्+{0/ने},मैं,I
,बुद्ध्वा,-,बुद्ध्वा{क्त्वान्तम्},बुद्ध्वा{क्त्वान्तम्},समझकर,having_considered
,तैः,B-C,तत्{3}{पुं-ब.},तत्+{से3},उन~(उक्त~गुणों)~से,with_the_said_virtues
,युक्तः,B-A,युक्त{1}{पुं-ए.},युक्त+{0/ने},सम्पन्न,associated
,श्रूयताम्,-,श्रु{कर्मणि_लोट्_प्रपु_ए./श्रु-भावे},श्रु{कर्मणि_लोट्_प्रपु_ए./श्रु-भावे},सुनिए,please_hear
,नरः,B-A,नर{1}{पुं-ए.},नर+{0/ने},मानव,man
,7,-,7,7,7,7
9.1.A,इक्ष्वाकुवंश-प्रभवः,9.1.CB-A,9.1.Dइक्ष्वाकुवंश-प्रभव{1}{पुं-ए.},9.1.Eइक्ष्वाकुवंश-प्रभव+{0/ने},9.1.Fइक्ष्वाकुवंश~में~उत्पन्न,9.1.Gborn_in_Ikshvaku_dynasty
,रामः-नाम,B-A,राम{1}{पुं-ए.}-नाम,राम+{0/ने},राम~नाम~से~प्रसिद्ध,by_the_name_'Rama'
,जनैः,B-C,जन{3}{पुं-ब.},जन+{से3},साधारण~जनों~के~द्वारा,by_common_men
,श्रुतः,B-A,श्रुत{1}{पुं-ए.},श्रुत+{0/ने},विज्ञात,known
9.2.A,नियतात्मा,9.2.CB-A,9.2.Dनियतात्मन्{1}{पुं-ए.},9.2.Eनियतात्मन्+{0/ने},9.2.Fस्वाधीन~अन्त:करण~वाला,9.2.Gself_controlled
,महा-वीर्यः,B-A,महा-वीर्य{1}{पुं-ए.},महा-वीर्य+{0/ने},अत्यधिक~सामर्थ्यशाली,very_powerful
,द्युतिमान्,B-A,द्युतिमत्{1}{पुं-ए.},द्युतिमत्+{0/ने},कान्तियुक्त,radiant
,धृतिमान्,B-A,धृतिमत्{1}{पुं-ए.},धृतिमत्+{0/ने},धैर्यशाली,resolute
,वशी,B-A,वशिन्{1}{पुं-ए.},वशिन्+{0/ने},जितेन्द्रिय,one_who_has_conquired_over_sense_organs
,8,-,8,8,8,8
10.1.A,बुद्धिमान्,10.1.CB-A,10.1.Dबुद्धिमत्{1}{पुं-ए.},10.1.Eबुद्धिमत्+{0/ने},10.1.Fप्रशस्त~बुद्धि~युक्त,10.1.Gintelligent
,नीतिमान्,B-A,नीतिमत्{1}{पुं-ए.},नीतिमत्+{0/ने},नीति~के~ज्ञाता,sagacious
,वाग्ग्मी,B-A,वाग्ग्मिन्{1}{पुं-ए.},वाग्ग्मिन्+{0/ने},अच्छा~वक्ता,eloquent
,श्रीमान्,B-A,श्रीमत्{1}{पुं-ए.},श्रीमत्+{0/ने},शोभा~से~युक्त,glorious
,शत्रु-निबर्हणः,B-A,शत्रु-निबर्हण{1}{पुं-ए.},शत्रु-निबर्हण+{0/ने},शत्रु~का~नाश~करने~वाला,exterminator of foes
10.2.A,विपुलांसः,10.2.CB-A,10.2.Dविपुलांस{1}{पुं-ए.},10.2.Eविपुलांस+{0/ने},10.2.Fउन्नत~स्कन्धा~वाला,10.2.Gdistinguished_with_broad_shoulder
,महा-बाहुः,B-A,महा-बाहु{1}{पुं-ए.},महा-बाहु+{0/ने},विशाल~बाँहा~वाला,having_powerful_arms
,कम्बु-ग्रीवः,B-A,कम्बु-ग्रीव{1}{पुं-ए.},कम्बु-ग्रीव+{0/ने},शंख~सदृश~ग्रीवा~वाला,having_a_neck_shaped_as_a_conch
,महा-हनुः,B-A,महा-हनु{1}{पुं-ए.},महा-हनु+{0/ने},पुष्ट~ठुड्डी~वाला,having_stout_chin
,9,-,9,9,9,9
11.1.A,महोरस्कः,11.1.CB-A,11.1.Dमहोरस्क{1}{पुं-ए.},11.1.Eमहोरस्क+{0/ने},11.1.Fविशाल~छाती~वाला,11.1.Gमहोरस्कः
,महेष्वासः,B-A,महेष्वास{1}{पुं-ए.},महेष्वास+{0/ने},विशाल~धनुषा~वाला,holding_mighty_bow
,गूढ-जत्रुः,B-A,गूढ-जत्रु{1}{पुं-ए.},गूढ-जत्रु+{0/ने},अप्रकाशित~हँसुली~(स्कन्ध~की~हड्डी)~वाला,whose_collar_bone_covered_with_flesh
,अरिन्दमः,B-A,अरिन्दम{1}{पुं-ए.},अरिन्दम+{0/ने},शत्रुओं~का~दमन~करने~वाला,capable_of_subduing_his_foes
11.2.A,आ-जानु-बाहुः,11.2.CB-A,11.2.Dआ-जानु-बाहु{1}{पुं-ए.},11.2.Eआ-जानु-बाहु+{0/ने},11.2.Fघुटने~तक~लम्बी~भुजाओं~वाला,11.2.Gwhose_arms_extended_right_upto_his_knees
,सु-शिराः,B-A,सुशिरस्{1}{पुं-ए.},सुशिरस्+{0/ने},सुन्दर~शिर~वाला,having_well_formed_head
,सु-ललाटः,B-A,सु-ललाट{1}{पुं-ए.},सु-ललाट+{0/ने},सुन्दर~ललाट~वाला,having_shapely_forehead
,सु-विक्रमः,B-A,सु-विक्रम{1}{पुं-ए.},सु-विक्रम+{0/ने},सुन्दर~गति~से~चलने~वाला,possessed_of_charming_gait
,10,-,10,10,10,10
12.1.A,समः,12.1.CB-A,12.1.Dसम{1}{पुं-ए.},12.1.Eसम+{0/ने},12.1.Fसमुचित~आकार~वाला,12.1.Gpossessed_of_medium_stature
,सम-विभक्ताङ्गः,B-A,सम-विभक्ताङ्ग{1}{पुं-ए.},सम-विभक्ताङ्ग+{0/ने},सुगठित~अंगों~वाला,having_well_proportionised_limbs
,स्निग्धवर्णः,B-A,स्निग्धवर्ण{1}{पुं-ए.},स्निग्धवर्ण+{0/ने},आकर्षक,having_unctuous_complexion
,प्रतापवान्,B-A,प्रतापवत्{1}{पुं-ए.},प्रतापवत्+{0/ने},प्रभावी,mighty
12.2.A,पीन-वक्षाः,12.2.CB-A,12.2.Dपीन-वक्ष{1}{पुं-ए.},12.2.Eपीन-वक्ष+{0/ने},12.2.Fचौडी~छाती~वाला,12.2.Ghaving_rounded_chest
,विशालाक्षः,B-A,विशालाक्ष{1}{पुं-ए.},विशालाक्ष+{0/ने},बडी-बडी~आँखों~वाला,having_large_eyes
,लक्ष्मीवान्,B-A,लक्ष्मीवत्{1}{पुं-ए.},लक्ष्मीवत्+{0/ने},शोभासम्पन्न,full_of_splendour
,शुभ-लक्षणः,B-A,शुभ-लक्षण{1}{पुं-ए.},शुभ-लक्षण+{0/ने},शुभ~लक्षणों~से~युक्त,associated_with_auspicious_marks
,11,-,11,11,11,11
,1.ASloka,1.C-,1.DSloka,1.ESloka,1.FSloka,1.GSloka
2.1.A,धर्मज्ञः,2.1.C-,2.1.Dधर्मज्ञ{1}{पुं-ए.},2.1.Eधर्मज्ञ+{0/ने},2.1.Fधर्म~के~ज्ञाता,2.1.GOne_who_knows_the_secret_of_virtues
,सत्य-सन्धः,B-A,सत्यसन्ध{1}{पुं-ए.},सत्यसन्ध+{0/ने},सत्यनिष्ठ,true_to_his_promise
,च,-,च,च,और,and
,प्रजानाम्,B-F,प्रजा{6}{स्त्री-ब.},प्रजा+{का},जनता~के,of_the_people
,च,-,च,च,और,and
,हिते,B-G,हित{7}{नपुं-ए.},हित+{में/पर},कल्याण~में,in_the_benefit
,रतः,B-A,रत{1}{पुं-ए.},रत+{0/ने},लगे~रहने~वाले,intent
2.2.A,यशस्वी,2.2.CB-A,2.2.Dयशस्विन्{1}{पुं-ए.},2.2.Eयशस्विन्+{0/ने},2.2.Fयशस्वी,2.2.Gillustrious
,ज्ञान-सम्पन्नः,B-A,ज्ञानसम्पन्न{1}{पुं-ए.},ज्ञानसम्पन्न+{0/ने},ज्ञानवान्,full_of_wisdom
,शुचिः,B-A,शुचि{1}{पुं-ए.},शुचि+{0/ने},पवित्र~आचरण~वाले,pure_in_his_dealing
,वश्यः,B-A,वश्य{1}{पुं-ए.},वश्य+{0/ने},जितेन्द्रिय,self_controlled
,समाधिमान्,B-A,समाधिमत्{1}{पुं-ए.},समाधिमत्+{0/ने},योगी,having_concentrated_mind
,12,-,12,12,12,12
3.1.A,प्रजा-पति-समः,3.1.CB-A,3.1.Dप्रजा-पति-सम{1}{पुं-ए.},3.1.Eप्रजा-पति-सम+{0/ने},3.1.Fब्रह्मा~के~समान,3.1.Glike_the_creator_Brahma
,श्रीमान्,B-A,श्रीमत्{1}{पुं-ए.},श्रीमत्+{0/ने},दिव्य~विभूति~वाले,affluent
,धाता,B-A,धातृ{1}{पुं-ए.},धातृ+{0/ने},लोक~के~व्यवस्थापक,supporter_of_the_Creation
,रिपु-निषूदनः,B-A,रिपुनिषूदन{1}{पुं-ए.},रिपुनिषूदन+{0/ने},शत्रुओं~के~विनाशक,slayer_of_his_enemies
3.2.A,रक्षिता,3.2.CB-A,3.2.Dरक्षितृ{1}{पुं-ए.},3.2.Eरक्षितृ+{0/ने},3.2.Fरक्षक,3.2.Gvindicator
,जीव-लोकस्य,B-F,जीवलोक{6}{पुं-ए.},जीवलोक+{का},संसार~के,of_living_beings
,धर्मस्य,B-F,धर्म{6}{पुं-ए.},धर्म+{का},धर्म~की,of_faith
,परि-रक्षिता,B-A,परि-रक्षितृ{1}{पुं-ए.},परि-रक्षितृ+{0/ने},रक्षा~करने~वाले,staunch_defender
,13,-,13,13,13,13
4.1.A,रक्षिता,4.1.CB-A,4.1.Dरक्षितृ{1}{पुं-ए.},4.1.Eरक्षितृ+{0/ने},4.1.Fरक्षक,4.1.Gvindicator
,स्वस्य,B-F,स्व{6}{पुं-ए.},स्व+{का},अपने,of_own
,धर्मस्य,B-F,धर्म{6}{पुं-ए.},धर्म+{का},धर्म~की,of_faith
,स्व-जनस्य,B-F,स्व-जन{6}{पुं-ए.},स्व-जन+{का},अपने~लोगों~के,of_own_people
,च,-,च,च,और,and
,रक्षिता,B-A,रक्षितृ{1}{पुं-ए.},रक्षितृ+{0/ने},रक्षक,vindicator
4.2.A,वेद-वेदाङ्ग-तत्व-ज्ञः,4.2.CB-A,4.2.Dवेदवेदाङ्गतत्वज्ञ{1}{पुं-ए.},4.2.Eवेदवेदाङ्गतत्वज्ञ+{0/ने},4.2.Fवेदों~एवं~वेदाङ्गों~के~रहस्य~को~जानने~वाले,4.2.Gknower_of_the_truth_of_Vedas_and_Vedangas
,धनुः-वेदे,B-G,धनुर्वेद{7}{पुं-ए.},धनुर्वेद+{में/पर},धनुर्वेद~में,in_archery
,च,-,च,च,और,and
,नि-ष्ठितः,B-A,निष्ठित{1}{पुं-ए.},निष्ठित+{0/ने},पारङ्गत,pastmaster
,14,-,14,14,14,14
5.1.A,सर्व-शास्त्रार्थ-तत्व-ज्ञः,5.1.C-,5.1.Dसर्वशास्त्रार्थतत्वज्ञः{1}{पुं-ए.},5.1.Eसर्वशास्त्रार्थतत्वज्ञः+{0/ने},5.1.Fशास्त्रों~के~मर्मज्ञ,5.1.Gknower_of_the_real_meaning_of_the_scriptures
,स्मृतिमान्,B-A,स्मृतिमत्{1}{पुं-ए.},स्मृतिमत्+{0/ने},दृढ~स्मृतिवाले,possessed_of_sharp_memory
,प्रतिभानवान्,B-A,प्रतिभानवत्{1}{पुं-ए.},प्रतिभानवत्+{0/ने},विलक्षणबुद्धिसम्पन्न,possessed_of_quick_wit
5.2.A,सर्व-लोक-प्रियः,5.2.CB-A,5.2.Dसर्व-लोक-प्रिय{1}{पुं-ए.},5.2.Eसर्व-लोक-प्रिय+{0/ने},5.2.Fसभी~के~प्रिय,5.2.Gpopular_amongst_the_people
,साधुः,B-A,साधु{1}{पुं-ए.},साधु+{0/ने},सज्जन,pious
,अदीनात्मा,B-A,अदीनात्मन्{1}{पुं-ए.},अदीनात्मन्+{0/ने},अदीन~स्वभाव~वाले,high_minded_one
,वि-चक्षणः,B-A,विचक्षण{1}{पुं-ए.},विचक्षण+{0/ने},विवेकयुक्त,clever
,15,-,15,15,15,15
6.1.A,सर्वदा,6.1.C-,6.1.Dसर्वदा,6.1.Eसर्वदा,6.1.Fहमेशा,6.1.Galways
,अभिगतः,B-A,अभिगत{1}{पुं-ए.},अभिगत+{0/ने},घिरा~हुआ,persons_sought
,सद्भिः,B-C,सत्{3}{पुं-ब.},सत्+{से3},सज्जनों~से,by_righteous
,समुद्रः,B-A,समुद्र{1}{पुं-ए.},समुद्र+{0/ने},समुद्र~(की),ocean
,इव,-,इव,इव,के~समान,like
,सिन्धुभिः,B-C,सिन्धु{3}{स्त्री-ब.},सिन्धु+{से3},नदियों~से,by_rivers
6.2.A,आर्यः,6.2.CB-A,6.2.Dआर्य{1}{पुं-ए.},6.2.Eआर्य+{0/ने},6.2.Fपूज्य,6.2.Gnoble
,सर्व-समः,B-A,सर्व-सम{1}{पुं-ए.},सर्व-सम+{0/ने},सर्व-समान,alike_to_all
,च,-,च,च,और,and
,एव,-,एव,एव,भी,also
,सदा,-,सदा,सदा,हमेशा,always
,एव,-,एव,एव,भी,also
,प्रिय-दर्शनः,B-A,प्रियदर्शन{1}{पुं-ए.},प्रियदर्शन+{0/ने},प्रिय~दिखाई~देनेवाले,possessed_of_pleasing_appearance
,16,-,16,16,16,16
7.1.A,सः,7.1.CB-A,7.1.Dतद्{1}{पुं-ए.},7.1.Eतद्+{0/ने},7.1.Fवह,7.1.Ghe
,च,-,च,च,और,and
,सर्व-गुणोपेतः,B-A,सर्वगुणोपेत{1}{पुं-ए.},सर्वगुणोपेत+{0/ने},सब~गुणों~से~युक्त,endowed_with_all_excellences
,कौसल्यानन्द-वर्धनः,B-A,कौसल्यानन्दवर्धन{1}{पुं-ए.},कौसल्यानन्दवर्धन+{0/ने},कौसल्या~के~आनन्द~को~बढाने~वाला,enhances_the_delight_of_Kausalya
7.2.A,समुद्रः,7.2.CB-A,7.2.Dसमुद्र{1}{पुं-ए.},7.2.Eसमुद्र+{0/ने},7.2.Fसमुद्र~(की),7.2.Gocean
,इव,-,इव,इव,के~समान,like
,गाम्भीर्ये,B-G,गाम्भीर्य{7}{नपुं-ए.},गाम्भीर्य+{में/पर},गहराई~में,in_profoundity
,धैर्येण,B-C,धैर्य{3}{पुं-ए.},धैर्य+{से3},धैर्य~से,in_firmness
,हिमवान्,B-A,हिमवत्{1}{पुं-ए.},हिमवत्+{0/ने},हिमालय,Himalaya
,इव,-,इव,इव,के~समान,like
,17,-,17,17,17,17
8.1.A,विष्णुना,8.1.CB-C,8.1.Dविष्णु{3}{पुं-ए.},8.1.Eविष्णु+{से3},8.1.Fविष्णु~के,8.1.GVishnu
,सदृशः,B-A,सदृश{1}{पुं-ए.},सदृश+{0/ने},समान,like
,वीर्ये,B-G,वीर्य{7}{नपुं-ए.},वीर्य+{में/पर},पराक्रम~में,in_prowess
,सोमवत्,B-A,सोमवत्{1}{पुं-ए.},सोमवत्+{0/ने},चन्द्र~की~तरह,like_the_moon
,प्रिय-दर्शनः,B-A,प्रियदर्शन{1}{पुं-ए.},प्रियदर्शन+{0/ने},प्रिय~दिखाई~देनेवाले,possessed_of_pleasing_appearance
8.2.A,कालाग्नि-सदृशः,8.2.CB-A,8.2.Dकालाग्नि-सदृश{1}{पुं-ए.},8.2.Eकालाग्नि-सदृश+{0/ने},8.2.Fकालाग्नि-समान,8.2.Gresembling_the_destructive_fire
,क्रोधे,B-G,क्रोध{7}{पुं-ए.},क्रोध+{में/पर},क्रोध~में,in_anger
,क्षमया,B-C,क्षमा{3}{स्त्री-ए.},क्षमा+{से3},क्षमा~में,in_forbearance
,पृथिवी-समः,B-A,पृथिवी-सम{1}{पुं-ए.},पृथिवी-सम+{0/ने},पृथिवी~के~समान,counter_part_of_earth
,18,-,18,18,18,18
9.1.A,धनदेन,9.1.CB-C,9.1.Dधनद{3}{पुं-ए.},9.1.Eधनद+{से3},9.1.Fकुबेर~के,9.1.Gwith_Kubera_(the_god_of_wealth)
,समः,B-A,सम{1}{पुं-ए.},सम+{0/ने},समान,just_like
,त्यागे,B-G,त्याग{7}{पुं-ए.},त्याग+{में/पर},दान~में,in_liberality
,सत्ये,B-G,सत्य{7}{नपुं-ए.},सत्य+{में/पर},सत्य~में,in_truthfulness
,धर्मः,B-A,धर्म{1}{पुं-ए.},धर्म+{0/ने},धर्मदेव,the_god_of_piety
,इव,-,इव,इव,के~समान,like
,अपरः,B-A,अपर{1}{पुं-ए.},अपर+{0/ने},दूसरा,another
9.2.A,तम्,9.2.CB-B,9.2.Dतद्{2}{पुं-ए.},9.2.Eतद्+{को2},9.2.Fराम~को,9.2.Gaforesaid
,एवं-गुण-सम्पन्नम्,B-B,एवंगुणसम्पन्न{2}{पुं-ए.},एवंगुणसम्पन्न+{को2},पूर्व~में~कहे~गए~गुणों~से~सम्पन्न,endowed_with_the_aforesaid_qualities
,रामम्,B-B,राम{2}{पुं-ए.},राम+{को2},राम,by_shri_Rama
,सत्य-परा-क्रमम्,-,सत्य-परा-क्रम{2}{पुं-ए.},सत्य-परा-क्रम+{को2},अमोघ~पराक्रम~वाले,possessed_of_unfailing_prowess
10.1.A,ज्येष्ठं,10.1.CB-B,10.1.Dज्येष्ठ{2}{पुं-ए.},10.1.Eज्येष्ठ+{को2},10.1.Fसबसे~बडे,10.1.Geldest
,ज्येष्ठ-गुणैः,B-C,ज्येष्ठगुण{3}{पुं-ब.},ज्येष्ठगुण+{से3},उत्तम~गुणों~से,with_highest_virtues
,युक्तम्,B-B,युक्त{2}{पुं-ए.},युक्त+{को2},लगे~हुए,endowed
,प्रियम्,B-B,प्रिय{2}{पुं-ए.},प्रिय+{को2},प्रिय,be_loved
,दशरथः,B-A,दशरथ{1}{पुं-ए.},दशरथ+{0/ने},दशरथ,Dasharatha
,सुतम्,B-B,सुत{2}{पुं-ए.},सुत+{को2},पुत्र~को,son
10.2.A,प्रकृतीनां,10.2.CB-F,10.2.Dप्रकृति{6}{स्त्री-ब.},10.2.Eप्रकृति+{का},10.2.Fप्रजा~के,10.2.Gof_the_people
,हितैः,B-C,हित{3}{नपुं-ब.},हित+{से3},कल्याण~में,to_the_interests
,युक्तम्,B-B,युक्त{2}{पुं-ए.},युक्त+{को2},लगे~हुए,endowed
,प्रकृति-प्रिय-काम्यया,B-C,प्रकृति-प्रिय-काम्या{3}{स्त्री-ए.},प्रकृति-प्रिय-काम्या+{से3},प्रजा~कल्याण~की~इच्छा~से,with_intent_to_gratify_the_people
11.1.A,यौवराज्येन,11.1.CB-C,11.1.Dयौवराज्य{3}{नपुं-ए.},11.1.Eयौवराज्य+{से3},11.1.Fयौवराज्येन,11.1.Goffice of regent
,संयोक्तुम्,-,संयोक्तुम्,संयोक्तुम्,आरूढ~करने~के~लिए,to_invest_with_office_of_regent
,ऐच्छत्,B-v,इष{कर्तरि_लङ्_प्रपु_एक},इष{कर्तरि_लङ्_प्रपु_एक},चाहा,sought
,प्रीत्या,B-C,प्रीति{3}{स्त्री-ए.},प्रीति+{से3},सहर्ष,lovingly
,मही-पतिः,B-A,मही-पति{1}{पुं-ए.},मही-पति+{0/ने},राजा,Emperor
11.2.A,तस्य,11.2.CB-F,11.2.Dतद्{6}{पुं-ए.},11.2.Eतद्+{का},11.2.Fराम~के,11.2.Gof_Rama
,अभिषेक-सम्भारान्,B-B,अभिषेक-संभार{2}{पुं-ब.},अभिषेक-संभार+{को2},अभिषेक~प्रस्तुति~को,preparations_for_coronation
,दृष्ट्वा,-,दृष्ट्वा,दृष्ट्वा,देखकर,having_witnessed
,भार्या,B-A,भार्या{1}{स्त्री-ए.},भार्या+{0/ने},भार्या,spouse
,अथ,-,अथ,अथ,इसके~पश्चात्,After_that
,कैकयी,B-A,कैकयी{1}{स्त्री-ए.},कैकयी+{0/ने},केकय~नरेश~की~पुत्री,Kaikeyi
,21,-,21,21,21,21
12.1.A,पूर्वम्,12.1.CB-B,12.1.Dपूर्व{2}{नपुं-ए.},12.1.Eपूर्व+{को2},12.1.Fपूर्व~में,12.1.Gon_a_former_occassion
,दत्त-वरा,B-A,दत्त-वरा{1}{स्त्री-ए.},दत्त-वरा+{0/ने},वर~को~प्राप्त~की~हुई,having_granted_a_boon
,देवी,B-A,देवी{1}{स्त्री-ए.},देवी+{0/ने},देवी,queen
,वरम्,B-B,वर{2}{पुं-ए.},वर+{को2},वर,boon
,एनम्,B-B,एतद्{2}{पुं-ए.},एतद्+{को2},दशरथ~से,him(to_Dasharatha)
,अयाचत,B-v,याच्{कर्तरि_लङ्_प्रपु_एक},याच्{कर्तरि_लङ्_प्रपु_एक},मांगा,asked
12.2.A,वि-वासनम्,12.2.CB-B,12.2.Dवि-वासन{2}{नपुं-ए.},12.2.Eवि-वासन+{को2},12.2.Fनिर्वासनम्,12.2.Gexile_(of_Rama)
,च,-,च,च,और,and
,रामस्य,B-F,राम{6}{पुं-ए.},राम+{का},राम~की,of_Rama
,भरतस्य,-,भरत{6}{पुं-ए.},भरत+{का},भरत~का,of_Barawa
,अभि-षेचनम्,B-B,अभिषेचन{2}{नपुं-ए.},अभिषेचन+{को2},राज्याभिषेकम्,installation(of_Bharata)
,22,-,22,22,22,22
13.1.A,सः,13.1.CB-A,13.1.Dतद्{1}{पुं-ए.},13.1.Eतद्+{0/ने},13.1.Fवह,13.1.Ghe
,सत्य-वचनात्,B-A,सत्यवचन{5}{पुं-ए.},सत्यवचन+{से},सत्य~प्रतिज्ञ~होने~के~कारण,due_to_his_speaking_the_truth
,राजा,B-A,राजन्{1}{पुं-ए.},राजन्+{0/ने},राजा,king
,धर्म-पाशेन,B-C,धर्मपाश{3}{पुं-ए.},धर्मपाश+{से3},धर्म~बन्धन~से,by_the_tie_of_duty
,संयतः,B-A,संयत{1}{पुं-ए.},संयत+{0/ने},बँधा~हुआ,bound
13.2.A,वि-वासयामास,13.2.CB-v,13.2.Dवि+वस्+णिच्{कर्तरि_लिट्_प्रपु_एक},13.2.Eवि+वस्+णिच्{कर्तरि_लिट्_प्रपु_एक},13.2.Fनिर्वासित~किया,13.2.Gexiled
,सुतम्,B-B,सुत{2}{पुं-ए.},सुत+{को2},पुत्र~को,son
,रामम्,B-B,राम{2}{पुं-ए.},राम+{को2},राम,by_shri_Rama
,दशरथः,B-A,दशरथ{1}{पुं-ए.},दशरथ+{0/ने},दशरथ,Dasharatha
,प्रियम्,B-B,प्रिय{2}{पुं-ए.},प्रिय+{को2},प्रिय,be_loved
14.1.A,सः,14.1.CB-A,14.1.Dतद्{1}{पुं-ए.},14.1.Eतद्+{0/ने},14.1.Fवह,14.1.Ghe
,जगाम,B-v,गम्{कर्तरि_लिट्_प्रपु_एक},गम्{कर्तरि_लिट्_प्रपु_एक},गये,went
,वनं,B-B,वन{2}{नपुं-ए.},वन+{को2},वन~[को],to_the_forest
,वीरः,B-A,वीर{1}{पुं-ए.},वीर+{0/ने},वीर,the_hero_(Rama)
,प्रति-ज्ञाम्,B-B,प्रतिज्ञा{2}{स्त्री-ए.},प्रतिज्ञा+{को2},प्रतिज्ञा~का,the_pledge
,अनु-पालयन्,-,अनु-पालयत्{1}{पुं-ए.},अनु-पालयत्+{0/ने},पालन~करते~हुए,in_order_to_implement
14.2.A,पितुः,14.2.CB-F,14.2.Dपितृ{6}{पुं-ए.},14.2.Eपितृ+{का},14.2.Fपिता,14.2.Ghis_father's
,वचन-निर्देशात्,-,वचन-निर्देश{5}{पुं-ए.},वचन-निर्देश+{से},की~आज्ञा~से,in_obedience_to_command
,कैकेय्याः,-,कैकेयी{6}{पुं-ए.},कैकेयी+{का},कैकेयी~की,Kaikeyi
,प्रिय-कारणात्,-,प्रिय-कारण{5}{पुं-ए.},प्रिय-कारण+{से},प्रसन्नता~के~कारण,with_a_view_to_please
15.1.A,तम्,15.1.CB-B,15.1.Dतद्{2}{पुं-ए.},15.1.Eतद्+{को2},15.1.Fराम~को,15.1.Gaforesaid
,व्रजन्तम्,B-B,व्रजन्त{2}{पुं-ए.},व्रजन्त+{को2},जाते~हुए,setting_out
,प्रियः,B-A,प्रिय{1}{पुं-ए.},प्रिय+{0/ने},प्रिय,loving
,भ्राता,B-A,भ्रातृ{1}{पुं-ए.},भ्रातृ+{0/ने},भाई,younger_brother
,लक्ष्मणः,B-A,लक्ष्मण{1}{पुं-ए.},लक्ष्मण+{0/ने},लक्ष्मण,Lakshmana
,अनु-जगाम,B-v,अनु-गम्{कर्तरि_लिट्_प्रपु_एक},अनु-गम्{कर्तरि_लिट्_प्रपु_एक},अनुसरण~किया,followed
,ह,-,ह,ह,ह,ह
15.2.A,स्नेहात्,15.2.CB-A,15.2.Dस्नेह{5}{पुं-ए.},15.2.Eस्नेह+{से},15.2.Fस्नेह~से,15.2.Gout_of_affection
,विनय-सम्पन्नः,B-A,विनयसम्पन्न{1}{पुं-ए.},विनयसम्पन्न+{0/ने},विनम्र,adorned_with_modesty
,सुमित्रानन्द-वर्धनः,B-A,सुमित्रानन्दवर्धन{1}{पुं-ए.},सुमित्रानन्दवर्धन+{0/ने},सुमित्रा~की~प्रीति~को~बढाने~वाले,one_who_enhanced_the_delight_of(his_mother)_Sumitra
,25,-,25,25,25,25
16.1.A,भ्रातरम्,16.1.CB-B,16.1.Dभ्रातृ{2}{पुं-ए.},16.1.Eभ्रातृ+{को2},16.1.Fभाई~को,16.1.Gbrother
,दयितः,B-A,दयित{1}{पुं-ए.},दयित+{0/ने},प्रिय,favorite
,भ्रातुः,B-F,भ्रातृ{6}{पुं-ए.},भ्रातृ+{का},भाई~के,of(his)brother
,सौभ्रात्रम्,B-B,सौभ्रात्र{2}{नपुं-ए.},सौभ्रात्र+{को2},उत्तमभ्रातृत्व,his_amicable_brotherly_relation
,अनु-दर्शयन्,B-A,अनुदर्शयत्{1}{पुं-ए.},अनुदर्शयत्+{0/ने},प्रदर्शित~करता~हुआ,showing
16.2.A,रामस्य,16.2.CB-F,16.2.Dराम{6}{पुं-ए.},16.2.Eराम+{का},16.2.Fराम~की,16.2.Gof_Rama
,दयिता,B-A,दयिता{1}{स्त्री-ए.},दयिता+{0/ने},प्रिया,the_beloved
,भार्या,B-A,भार्या{1}{स्त्री-ए.},भार्या+{0/ने},भार्या,spouse
,नित्यं,B-B,नित्य{2}{नपुं-ए.},नित्य+{को2},हमेशा,ever
,प्राण-समा,B-A,प्राणसमा{1}{स्त्री-ए.},प्राणसमा+{0/ने},प्राण-समा,dear(to_him)_as_life
,हिता,B-A,हिता{1}{स्त्री-ए.},हिता+{0/ने},हित~करने~वाली,friendly
,26,-,26,26,26,26
17.1.A,जनकस्य,17.1.CB-F,17.1.Dजनक{6}{पुं-ए.},17.1.Eजनक+{का},17.1.Fमिथिला~नरेश~के,17.1.GJanaka's
,कुले,B-G,कुल{7}{पुं-ए.},कुल+{में/पर},वंश~में,in_family
,जाता,B-A,जाता{1}{स्त्री-ए.},जाता+{0/ने},उत्पन्न,born
,देव-माया,B-A,देवमाया{1}{स्त्री-ए.},देवमाया+{0/ने},मोहिनी,like_lord's_wonderful_poetency
,इव,-,इव,इव,के~समान,like
,निर्मिता,B-A,निर्मिता{1}{स्त्री-ए.},निर्मिता+{0/ने},निर्मिता,manifested
17.2.A,सर्व-लक्षण-सम्पन्ना,17.2.CB-A,17.2.Dसर्वलक्षणसम्पन्ना{1}{स्त्री-ए.},17.2.Eसर्वलक्षणसम्पन्ना+{0/ने},17.2.Fसभी~उत्तम~स्त्री~के~लक्षण~से~युक्त,17.2.Gendowed_with_all_auspicious_marks
,नारीणाम्,B-F,नारी{6}{स्त्री-ब.},नारी+{का},स्त्रियों~में,amongst_the_women
,उत्तमा,B-A,उत्तमा{1}{स्त्री-ए.},उत्तमा+{0/ने},श्रेष्ठ,best
,वधूः,-,वधू{1}{स्त्री-ए.},वधू+{0/ने},वधू,the_daughter-in-law
,27,-,27,27,27,27
18.1.A,सीता,18.1.C-,18.1.Dसीता{1}{स्त्री-ए.},18.1.Eसीता+{0/ने},18.1.Fसीता,18.1.Gsita
,अपि,-,अपि,अपि,भी,also
,अनु-गता,-,अनु-गता{1}{स्त्री-ए.},अनु-गता+{0/ने},के~पीछे~गई,accompanied
,रामम्,B-B,राम{2}{पुं-ए.},राम+{को2},राम,by_shri_Rama
,शशिनम्,-,शशिन्{2}{पुं.-ए.},शशिन्{को2},चन्द्र,moon
,रोहिणी,-,रोहिणी{1}{स्त्री-ए.},रोहिणी+{0/ने},चन्द्रमा~की~पत्नी~रोहिणी,Rohini(wife_of_the_moon)
,यथा,-,यथा,यथा,के~जैसे,like
18.2.A,पौरैः,18.2.CB-C,18.2.Dपौर{3}{पुं-ब.},18.2.Eपौर+{से3},18.2.Fपुरवासियों~के~द्वारा,18.2.Gby_the_citizens(of_Ayodhya)
,अनुगतः,B-A,अनुगत{1}{पुं-ए.},अनुगत+{0/ने},अनुसरण~किया~गया,followed
,दूरम्,B-B,दूर{2}{नपुं-ए.},दूर+{को2},दूर~तक,a_far
,पित्रा,B-C,पितृ{3}{पुं-ए.},पितृ+{से3},पिता,by_father
,दशरथेन,B-C,दशरथ{3}{पुं-ए.},दशरथ+{से3},दशरथ~के~द्वारा,by_Dasharatha
,च,-,च,च,और,and
,28,-,28,28,28,28
19.1.A,शृङ्गवेर-पुरे,19.1.CB-G,19.1.Dशृङ्गवेरपुर{7}{नपुं-ए.},19.1.Eशृङ्गवेरपुर+{में/पर},19.1.Fशृङ्गवेरपुर~में,19.1.Gat_shringaverapura
,सूतं,B-B,सूत{2}{पुं-ए.},सूत+{को2},सूतं,to_the_Charioteer
,गङ्गा-कूले,B-G,गङ्गाकूल{7}{नपुं-ए.},गङ्गाकूल+{में/पर},गङ्गा~के~तीर~पर,on_the_bank_of_Ganga
,व्यसर्जयत्,B-v,वि_सृज्+णिच्{कर्तरि_लङ्_प्रपु_एक},वि_सृज्+णिच्{कर्तरि_लङ्_प्रपु_एक},लौटा~दिया,sent_away
19.2.A,गुहम्,19.2.CB-B,19.2.Dगुह{2}{पुं-ए.},19.2.Eगुह+{को2},19.2.Fगुह~को,19.2.Gto_Guha
,आसाद्य,-,आसाद्य,आसाद्य,प्राप्त~कर,having_met
,धर्मात्मा,B-A,धर्मात्मन्{1}{पुं-ए.},धर्मात्मन्+{0/ने},पुण्यात्मा~(राम~ने),virtue-incarnate
,निषादाधिपतिं,B-B,निषादाधिपति{2}{पुं-ए.},निषादाधिपति+{को2},निषदों~के~राजा,the_chief_of_Nishadas
,प्रियम्,B-B,प्रिय{2}{पुं-ए.},प्रिय+{को2},प्रिय,be_loved
,29,-,29,29,29,29
20.1.A,गुहेन,20.1.CB-C,20.1.Dगुह{3}{पुं-ए.},20.1.Eगुह+{से3},20.1.Fगुह,20.1.GGuha_by_name
,सहितः,B-A,सहित{1}{पुं-ए.},सहित+{0/ने},के~साथ,accompanied
,रामः,B-A,राम{1}{पुं-ए.},राम+{0/ने},राम,shri_Rama
,लक्ष्मणेन,B-C,लक्ष्मण{3}{पुं-ए.},लक्ष्मण+{से3},लक्ष्मण,Lakshmana
,च,-,च,च,और,and
,सीतया,B-C,सीता{3}{स्त्री-ए.},सीता+{से3},सीता,by_Sita
20.2.A,ते,20.2.CB-A,20.2.Dतद्{1}{पुं-ब.},20.2.Eतद्+{0/ने},20.2.Fवे,20.2.Gthey
,वनेन,B-C,वन{3}{नपुं-ए.},वन+{से3},वन~से,from_forest
,वनम्,B-B,वन{2}{नपुं-ए.},वन+{को2},वन~[को],to_forest
,गत्वा,-,गत्वा,गत्वा,जाकर,having_gone
,नदीः,B-B,नदी{2}{स्त्री-ब.},नदी+{को2},नदियों~को,rivers
,तीर्त्वा,-,तीर्त्वा,तीर्त्वा,पार~कर,having_crossed
,बहूदकाः,B-B,बहूदका{2}{स्त्री-ब.},बहूदका+{को2},गहरी,containing_deep_water
,30,-,30,30,30,30
21.1.A,चित्रकूटम्,21.1.CB-B,21.1.Dचित्रकूट{2}{पुं-ए.},21.1.Eचित्रकूट+{को2},21.1.Fचित्रकूटनामक~पर्वत~को,21.1.GCitrakuta_(mountain)
,अनु-प्राप्य,-,अनुप्राप्य,अनुप्राप्य,प्राप्तकर,having_reached
,भरद्वाजस्य,B-F,भरद्वाज{6}{पुं-ए.},भरद्वाज+{का},भरद्वाज~नामक~ऋषि~की,of_the_Bharadvaja
,शासनात्,B-A,शासन{5}{पुं-ए.},शासन+{से},आज्ञा~से,according_to_the_instruction
21.2.A,रम्यम्,21.2.CB-B,21.2.Dरम्य{2}{पुं-ए.},21.2.Eरम्य+{को2},21.2.Fमनोहर,21.2.Glovely
,आवसथं,B-B,आवसथ{2}{पुं-ए.},आवसथ+{को2},पर्णशाला~को,cottage
,कृत्वा,-,कृत्वा,कृत्वा,(करके)~निर्माण~करके,having_built
,रममाणाः,B-A,रममाण{1}{पुं-ब.},रममाण+{0/ने},विहार~करते~हुए,sporting
,वने,B-G,वन{7}{नपुं-ए.},वन+{में/पर},वन~में,in_the_forest
,त्रयः,B-A,त्रि{1}{पुं-ब.},त्रि+{0/ने},तीनों{राम~लक्ष्मण~सीता}~ने,three_(Rama_Lakshmana_and_Sita)
,31,-,31,31,31,31
22.1.A,देव-गन्धर्व-सङ्काशाः,22.1.CB-A,22.1.Dदेवगन्धर्वसङ्काश{1}{पुं-ब.},22.1.Eदेवगन्धर्वसङ्काश+{0/ने},22.1.Fदेवता~और~गन्धर्व~के~समान,22.1.Glike_Gods_and_Gandharvas
,तत्र,-,तत्र,तत्र,वहाँ,there
,ते,B-A,तद्{1}{पुं-ब.},तद्+{0/ने},वे,they
,न्यवसन्,B-v,नि+वस्{कतरि_लङ्_प्रपु_बहु},नि+वस्{कतरि_लङ्_प्रपु_बहु},निवास~किया,sojourned
,सुखम्,B-B,सुख{2}{नपुं-ए.},सुख+{को2},सुखपूर्वक,happily
,1.ASloka,1.C-,1.DSloka,1.ESloka,1.FSloka,1.GSloka
2.1.A,चित्रकूटम्,2.1.CB-B,2.1.Dचित्रकूट{2}{पुं-ए.},2.1.Eचित्रकूट+{को2},2.1.Fचित्रकूट,2.1.Gto_Citrakuta
,गते,B-G,गत{7}{पुं-ए.},गत+{में/पर},चले~जाने~पर,having_proceeded
,रामे,B-G,राम{7}{पुं-ए.},राम+{में/पर},राम~(के),shri_Rama
,पुत्र-शोकातुरः,B-A,पुत्रशोकातुर{1}{पुं-ए.},पुत्रशोकातुर+{0/ने},पुत्र~शोक~से~व्याकुल,stricken_with_grief_at_the_separation_of_his_son
,तथा,-,तथा,तथा,तथा,then
,32,-,32,32,32,32
3.1.A,राजा,3.1.CB-A,3.1.Dराजन्{1}{पुं-ए.},3.1.Eराजन्+{0/ने},3.1.Fराजा,3.1.Gthe_ruler(King)
,दशरथः,B-A,दशरथ{1}{पुं-ए.},दशरथ+{0/ने},दशरथ,Dasharatha
,स्वर्गम्,B-B,स्वर्ग{2}{पुं-ए.},स्वर्ग+{को2},स्वर्ग,to_heaven
,जगाम,B-v,गम्{कर्तरि_लिट्_प्रपु_एक},गम्{कर्तरि_लिट्_प्रपु_एक},गया,proceeded
,वि-लपन्,B-A,विलपत्{1}{पुं-ए.},विलपत्+{0/ने},रोते~हुए,bewailing
,सुतम्,B-B,सुत{2}{पुं-ए.},सुत+{को2},सुतम्,son_(Rama)
,गते,B-G,गत{7}{पुं-ए.},गत+{में/पर},चले~जाने~पर,having_proceeded
,तु,-,तु,तु,किन्तु,but
,तस्मिन्,B-G,तद्{7}{नपुं-ए.},तद्+{में/पर},उस~(राजा~दशरथ)~के,तस्मिन्
,भरतः,-,भरतः{1}{पुं-ए.},भरतः+{0/ने},भरत,Bharata
,वसिष्ठ-प्रमुखैः,-,वसिष्ठ-प्रमुख{3}{पुं-ब.},वसिष्ठ-प्रमुख+{से3},वसिष्ठ~की~प्रधानता~वाले,headed_by_the_sage_Vasishtha_etc.
,द्विजैः,B-C,द्विज{3}{पुं-ब.},द्विज+{से3},ब्राह्मणों~के~द्वारा,by_the_Brahmanas
,33,-,33,33,33,33
4.1.A,नि-युज्यमानः,4.1.CB-A,4.1.Dनियुज्यमान{1}{पुं-ए.},4.1.Eनियुज्यमान+{0/ने},4.1.Fनियुक्त~किया~जाता~हुआ,4.1.Gbeing_urged
,राज्याय,B-D,राज्य{4}{नपुं-ए.},राज्य+{को4},राज्य~के~लिए,to_rule_over_the_kingdom
,न,-,न,न,न,(did)not
,ऐच्छत्,B-v,इष{कर्तरि_लङ्_प्रपु_एक},इष{कर्तरि_लङ्_प्रपु_एक},चाहा,hanker
,राज्यम्,B-B,राज्य{2}{नपुं-ए.},राज्य+{को2},राज्य,for_the_kingdom
,महा-बलः,B-A,महाबल{1}{पुं-ए.},महाबल+{0/ने},महान्~बली,very_powerful
,सः,B-A,तद्{1}{पुं-ए.},तद्+{0/ने},वह~(भरत),he(Bharata)
,जगाम,B-v,गम्{कर्तरि_लिट्_प्रपु_एक},गम्{कर्तरि_लिट्_प्रपु_एक},गया,proceeded
,वनम्,B-B,वन{2}{नपुं-ए.},वन+{को2},वन,forest
,वीरः,B-A,वीर{1}{पुं-ए.},वीर+{0/ने},वीर,the_hero
,राम-पाद-प्रसादकः,B-A,रामपादप्रसादक{1}{पुं-ए.},रामपादप्रसादक+{0/ने},राम~चरण~को~प्रसन्न~करने~के~लिए,in_order_to_please_the_venerable_Rama
,34,-,34,34,34,34
5.1.A,गत्वा,5.1.C-,5.1.Dगत्वा,5.1.Eगत्वा,5.1.Fजा~कर,5.1.Ghaving_approached
,तु,-,तु,तु,किन्तु,but
,सः,B-A,तद्{1}{पुं-ए.},तद्+{0/ने},वह~(भरत),he(Bharata)
,महात्मानम्,B-B,महात्मन्{2}{पुं-ए.},महात्मन्+{को2},महात्मा,high_souled
,रामम्,B-B,राम{2}{पुं-ए.},राम+{को2},राम~(से),to_Rama
,सत्य-पराक्रमम्,B-B,सत्यपराक्रम{2}{पुं-ए.},सत्यपराक्रम+{को2},सत्य~पराक्रम~वाले,having_unfailing_prowess
,अयाचत्,B-v,याच्{कर्तरि_लङ्_प्रपु_एक},याच्{कर्तरि_लङ्_प्रपु_एक},माँगा,implored
,भ्रातरम्,B-B,भ्रातृ{2}{पुं-ए.},भ्रातृ+{को2},भ्राता,brother
,रामम्,B-B,राम{2}{पुं-ए.},राम+{को2},राम~(से),to_Rama
,आर्य-भाव-पुरस्कृतः,B-A,आर्यभावपुरस्कृत{1}{पुं-ए.},आर्यभावपुरस्कृत+{0/ने},उच्चगुण~सम्पन्न,rich_in_noble_sentiment
,35,-,35,35,35,35
6.1.A,त्वम्,6.1.CB-A,6.1.Dयुष्मद्{1}{ए.},6.1.Eयुष्मद्+{0/ने},6.1.Fतुम,6.1.Gyou
,एव,-,एव,एव,ही,alone
,राजा,B-A,राजन्{1}{पुं-ए.},राजन्+{0/ने},राजा,the_ruler(King)
,धर्म-ज्ञः,B-A,धर्मज्ञ{1}{पुं-ए.},धर्मज्ञ+{0/ने},धर्म~के~ज्ञाता,knower_of_right_deed
,इति,-,इति,इति,ऐसा,thus
,रामम्,B-B,राम{2}{पुं-ए.},राम+{को2},राम~(से),to_Rama
,वचः,B-B,वचस्{2}{नपुं-ए.},वचस्+{को2},वचन,(following)words
,अब्रवीत्,B-v,ब्रू{कर्तरि_लुङ्_प्रपु_ए.},ब्रू{कर्तरि_लुङ्_प्रपु_ए.},कहा,spoke_out
,रामः,B-A,राम{1}{पुं-ए.},राम+{0/ने},राम,Rama_(the_son_of_Dasharatha)
,अपि,-,अपि,अपि,भी,too
,परमोदारः,B-A,परमोदार{1}{पुं-ए.},परमोदार+{0/ने},परम~उदार~,supreme_magnanimous
,सु-मुखः,B-A,सुमुख{1}{पुं-ए.},सुमुख+{0/ने},सुन्दर~मुख~वाला,wearing_a_gracious_aspect
,सु-महा-यशाः,B-A,सुमहायशस्{1}{पुं-ए.},सुमहायशस्+{0/ने},सुविख्यात,enjoying_a_great_renown
,36,-,36,36,36,36
7.1.A,न,7.1.C-,7.1.Dन,7.1.Eन,7.1.Fन,7.1.G(did)not
,च,-,च,च,भी,च
,ऐच्छत्,B-v,इष{कर्तरि_लङ्_प्रपु_एक},इष{कर्तरि_लङ्_प्रपु_एक},चाहा,hanker
,पितुः,B-F,पितृ{6}{पुं-ए.},पितृ+{का},पिता~के,father's
,आदेशात्,B-A,आदेश{5}{पुं-ए.},आदेश+{से},आदेश~से,decree
,राज्यम्,B-B,राज्य{2}{नपुं-ए.},राज्य+{को2},राज्य,for_the_kingdom
,रामः,B-A,राम{1}{पुं-ए.},राम+{0/ने},राम,Rama_(the_son_of_Dasharatha)
,महा-बलः,B-A,महाबल{1}{पुं-ए.},महाबल+{0/ने},महान्~बली,very_powerful
,पादुके,B-B,पादुका{2}{स्त्री-द्वि.},पादुका+{को2},पादुका,pair_of_wooden_sandals
,च,-,च,च,भी,too
,अस्य,B-F,इदम्{6}{ए.},इदम्+{का},अस्य,his
,राज्याय,B-D,राज्य{4}{नपुं-ए.},राज्य+{को4},राज्य~के~लिए,to_rule_over_the_kingdom
,न्यासम्,B-B,न्यास{2}{पुं-ए.},न्यास+{को2},धरोहर,(as_his)representative
,दत्वा,-,दत्वा,दत्वा,देकर,handing_over
,पुनः,-,पुनः,पुनः,पुनः,repeatedly
,पुनः,-,पुनः,पुनः,पुनः,repeatedly
,37,-,37,37,37,37
8.1.A,नि-वर्तयामास,8.1.CB-v,8.1.Dनि+वृत्+णिच्{कर्तरि_लिट्_प्रपु_एक},8.1.Eनि+वृत्+णिच्{कर्तरि_लिट्_प्रपु_एक},8.1.Fलौटाया,8.1.Gpersuaded_(him)_to_return
,ततः,B-A,तत{1}{पुं-ए.},तत+{0/ने},ततः,from there
,भरतं,B-B,भरत{2}{पुं-ए.},भरत+{को2},भरत~को,Bharata
,भरताग्रजः,B-A,भरताग्रज{1}{पुं-ए.},भरताग्रज+{0/ने},भरत~के~अग्रज,the_elder_brother_of_Bharata
,सः,B-A,तद्{1}{पुं-ए.},तद्+{0/ने},वह~(भरत),he(Bharata)
,कामम्,B-B,काम{2}{पुं-ए.},काम+{को2},मनोरथ~को,(his)ambition
,अनवाप्य,-,अनवाप्य,अनवाप्य,न~प्राप्त~कर,without_realizing
,एव,-,एव,एव,ही,alone
,राम-पादौ,B-B,रामपाद{2}{पुं-द्वि.},रामपाद+{को2},राम~के~चरण~को,the_feet_(of_shri_Rama)
,उप-स्पृशन्,B-A,उपस्पृशत्-त्{1}{पुं-ए.},उपस्पृशत्-त्+{0/ने},नमस्कार~करते~हुऐ,by_touching
,38,-,38,38,38,38
9.1.A,नन्दि-ग्रामे,9.1.CB-G,9.1.Dनन्दिग्राम{7}{पुं-ए.},9.1.Eनन्दिग्राम+{में/पर},9.1.Fनन्दिग्राम~नामक~स्थान~में,9.1.Gat_Nandigrama
,अकरोत्,B-v,कृ{कर्तरि_लङ्_प्रपु_एक},कृ{कर्तरि_लङ्_प्रपु_एक},किया,did
,राज्यम्,B-B,राज्य{2}{नपुं-ए.},राज्य+{को2},राज्य,for_the_kingdom
,राम-गमन-काङ्क्षया,B-C,राम-गमन-काङ्क्षा{3}{स्त्री-ए.},राम-गमन-काङ्क्षा+{से3},राम~के~आने~की~अभिलाषा~से,longing_for_the_return_of_shri_Rama
,गते,B-G,गत{7}{पुं-ए.},गत+{में/पर},चले~जाने~पर,having_proceeded
,तु,-,तु,तु,किन्तु,but
,भरते,B-G,भरत{7}{पुं-ए.},भरत+{में/पर},भरत,Bharata
,श्रीमान्,B-A,श्रीमत्{1}{पुं-ए.},श्रीमत्+{0/ने},श्रीसम्पन्न,the_glorious
,सत्य-सन्धः,B-A,सत्यसन्ध{1}{पुं-ए.},सत्यसन्ध+{0/ने},सत्यप्रतिज्ञ,of_unfailing_vow
,जितेन्द्रियः,B-A,जितेन्द्रिय{1}{पुं-ए.},जितेन्द्रिय+{0/ने},जितेन्द्रिय,conquerer_of_sense_organs
,39,-,39,39,39,39
10.1.A,रामः,10.1.CB-A,10.1.Dराम{1}{पुं-ए.},10.1.Eराम+{0/ने},10.1.Fराम,10.1.GRama_(the_son_of_Dasharatha)
,तु,-,तु,तु,किन्तु,but
,पुनः,-,पुनः,पुनः,पुनः,the_renewed
,आ-लक्ष्य,-,आ-लक्ष्य,आ-लक्ष्य,विचार~कर,anticipating
,नागरस्य,B-F,नागर{6}{पुं-ए.},नागर+{का},नगरनिवासी,living_in_the_city
,जनस्य,B-F,जन{6}{पुं-ए.},जन+{का},लोगों~के,of_the_people
,च,-,च,च,भी,too
,तत्र,-,तत्र,तत्र,चित्रकूट~पर्वत~पर,in_Citrakuta-mountain
,आ-गमनम्,B-B,आगमन{2}{नपुं-ए.},आगमन+{को2},आगमन,visit
,एकाग्रः,B-A,एकाग्र{1}{पुं-ए.},एकाग्र+{0/ने},एकाग्र~चित्तवाले,intent_on_one_object
,दण्डकान्,B-B,दण्डक{2}{पुं-ब.},दण्डक+{को2},दण्डक~नाम~के~वन~में,to_Dandakaranya
,प्र-विवेश,B-v,प्र+विश्{कर्तरि_लिट्_प्रपु_एक},प्र+विश्{कर्तरि_लिट्_प्रपु_एक},प्रवेश~कर~गये,entered
,ह,-,ह,ह,ह,ह
,40,-,40,40,40,40
,1.Aश्लोक,1.C-,1.Dश्लोक,1.Eश्लोक,1.Fश्लोक,1.GSloka
2.1.A,प्र-विश्य,2.1.C-,2.1.Dप्रविश्य,2.1.Eप्रविश्य,2.1.Fप्रवेश~कर,2.1.Ghaving_entered
,तु,-,तु,तु,और,and
,महारण्यम्,B-B,महारण्य{2}{नपुं-ए.},महारण्य+{को2},विशाल~वन~(में),Great_forest
,रामः,B-A,राम{1}{पुं-ए.},राम+{0/ने},राम~ने,Rama
,राजीव-लोचनः,B-A,राजीव-लोचन{1}{पुं-ए.},राजीव-लोचन+{0/ने},कमल~जैसे~नेत्रों~वाला,Lotus-eyed
,विराधम्,B-B,विराध{2}{पुं-ए.},विराध+{को2},विराध~को,Viradha
,राक्षसम्,B-B,राक्षस{2}{पुं-ए.},राक्षस+{को2},राक्षस~(से),demon
,हत्वा,-,हत्वा,हत्वा,मारकर,having_killed
,शरभङ्कम्,-,शरभङ्क{2}{पुं-ए.},शरभङ्क+{को2},शरभङ्कम्,a sage called Sarabhanga
,ददर्श,B-v,दृश्{कर्तरि_लिट्_प्रपु_एक},दृश्{कर्तरि_लिट्_प्रपु_एक},देखा,saw
,ह,-,ह,ह,निश्चय~ही,of_course
,41,-,41,41,41,41
3.1.A,सुतीक्ष्णम्,3.1.C-,3.1.Dसुतीक्ष्ण{2}{पुं-ए.},3.1.Eसुतीक्ष्ण+{को2},3.1.Fसुतीक्ष्ण~को,3.1.Gsutikshna_by_name
,च,-,च,च,भी,also
,अपि,-,अपि,अपि,अपि,अपि
,अगस्त्यम्,-,अगस्त्य{2}{पुं-ए.},अगस्त्य+{को2},अगस्त्य~को,Agastya_by_name
,च,-,च,च,भी,also
,अगस्त्य-भ्रातरम्,B-B,अगस्त्य-भ्रातृ{2}{पुं-ए.},अगस्त्य-भ्रातृ+{को2},अगस्त्य~के~भ्राता~को,to_Agastya's_brother
,तथा,-,तथा,तथा,और,and
,अगस्त्य-वचनात्,B-A,अगस्त्य-वचन{5}{नपुं-ए.},अगस्त्य-वचन+{से},अगस्त्य~के~कहने~से,at_the_instance_of_Agastya
,च,-,च,च,भी,also
,एव,-,एव,एव,ही,alone
,जग्राह,B-v,ग्रह्{कर्तरि_लिट्_प्रपु_एक},ग्रह्{कर्तरि_लिट्_प्रपु_एक},लिया,accepted
,ऐन्द्रम्,B-B,ऐन्द्र{2}{नपुं-ए.},ऐन्द्र+{को2},इन्द्र~के~द्वारा~प्रदत्त,bestowed_by_Indra
,शरासनम्,B-B,शरासन{2}{नपुं-ए.},शरासन+{को2},धनुष~को,a_bow
4.1.A,खड्गम्,4.1.CB-A,4.1.Dखड्ग{1}{पुं-ए.},4.1.Eखड्ग+{0/ने},4.1.Fतलवार~को,4.1.Ga_sword
,च,-,च,च,भी,also
,परम-प्रीतः,B-A,परम-प्रीत{1}{पुं-ए.},परम-प्रीत+{0/ने},अत्यधिक~प्रसन्न,with_supreme_delight
,तूणी,B-B,तूणि{2}{पुं-द्वि.},तूणि+{को2},निषङ्गों~को,a_pair_of_quivers_
,च,-,च,च,भी,also
,अक्षय-सायकौ,B-B,अक्षय-सायक{2}{पुं-द्वि.},अक्षय-सायक+{को2},विनाश~रहित~बाणा~वाले,containing_inexhaustible_store_of_arrows
,वसतः,B-F,वसत्{6}{पुं-ए.},वसत्+{का},निवास~करते~हुए,dwelling
,तस्य,B-F,तद्{6}{पुं-ए.},तद्+{का},उसके,his
,रामस्य,B-F,राम{6}{पुं-ए.},राम+{का},राम~के,rAma's
,वने,B-G,वन{7}{नपुं-ए.},वन+{में/पर},वन~में,in_forest
,वन-चरैः,B-C,वन-चर{3}{पुं-ब.},वन-चर+{से3},वनचरों~के,the_foresters
,सह,-,सह,सह,साथ,with
,43,-,43,43,43,43
5.1.A,ऋषयः,5.1.CB-A,5.1.Dऋषि{1}{पुं-ब.},5.1.Eऋषि+{0/ने},5.1.Fमुनियों~ने,5.1.Gthe_seers
,अभ्यागमन्,B-v,अभि+आ+गम्{कर्तरि_लुङ्_प्रपु_बहु},अभि+आ+गम्{कर्तरि_लुङ्_प्रपु_बहु},आए,called_on
,सर्वे,B-A,सर्व{1}{पुं-ब.},सर्व+{0/ने},सभी,all
,वधाय,B-D,वध{4}{पुं-ए.},वध+{को4},वध~के~लिए,for_killing
,असुर-रक्षसाम्,B-F,असुररक्षस्{6}{नपुं-ब.},असुररक्षस्+{का},असुर-असुरा~के,of_demons
,सः,B-A,तद्{1}{पुं-ए.},तद्+{0/ने},वह~(राम),he_(Rama)
,तेषाम्,-,तद्{6}{पुं-ब.},तद्+{का},उनके~(राक्षसों~के),their
,प्रति-शुश्राव,-,प्रति-श्रु{कर्तरि_लिट्_प्रपु_एक},प्रति-शुश्राव{कर्तरि_लिट्_प्रपु_एक},स्वीकार~किया,accepted
,राक्षसानाम्,B-F,राक्षस{6}{पुं-ब.},राक्षस+{का},राक्षसा~के~(वध),of_the_demons
,तदा,-,तदा,तदा,उसी~समय,at_that_time
,वने,B-G,वन{7}{नपुं-ए.},वन+{में/पर},वन~में,in_forest
,44,-,44,44,44,44
6.1.A,प्रति-ज्ञातः,6.1.CB-A,6.1.Dप्रतिज्ञात{1}{पुं-ए.},6.1.Eप्रतिज्ञात+{0/ने},6.1.Fप्रतिज्ञा~की,6.1.Gsolemnly_promised
,च,-,च,च,भी,also
,रामेण,B-C,राम{3}{पुं-ए.},राम+{से3},दशरथ~के~पुत्र~राम~द्वारा,by_Rama
,वधः,B-A,वध{1}{पुं-ए.},वध+{0/ने},संहार,the_killing
,संयति,B-G,संयत्{7}{स्त्री-ए.},संयत्+{में/पर},युद्ध~में,in_an_encounter
,रक्षसाम्,B-F,रक्षस्{6}{नपुं-ब.},रक्षस्+{का},असुरा~के,of_demons
,ऋषीणाम्,B-F,ऋषि{6}{पुं-ब.},ऋषि+{का},ऋषियों~का,of_the_seers
,अग्नि-कल्पानाम्,B-F,अग्नि-कल्प{6}{पुं-ब.},अग्नि-कल्प+{का},अग्नि~के~समान,glorious_as_fire
,दण्डकारण्य-वासिनाम्,B-F,दण्डकारण्य-वासिन्{6}{पुं-ब.},दण्डकारण्य-वासिन्+{का},दण्डकारण्य~में~निवास~करने~वाले,dwelling_in_the_forest_of_Dandaka
7.1.A,तेन,7.1.CB-C,7.1.Dतद्{3}{नपुं/पुं.-ए.},7.1.Eतद्+{से3},7.1.Fउसके~(राम)~द्वारा,7.1.Gby_him_(Rama)
,तत्र,-,तत्र,तत्र,उस~वन~में,in_forest
,एव,-,एव,एव,ही,alone
,वसता,B-C,वसत्{3}{पुं-ए.},वसत्+{से3},रहते~हुए,while_living
,जनस्थान-निवासिनी,-,जनस्थान-निवासिनी{1}{स्त्री-ए.},जनस्थान-निवासिनी+{0/ने},जनस्थान~में~रहने~वाली,dwelling_in_Janasthana
,वि-रूपिता,-,वि-रूपिता{1}{स्त्री-ए.},वि-रूपिता+{0/ने},विरूप~की~गयी,lopped_off
,शूर्पणखा,-,शूर्पणखा{1}{स्त्री-ए.},शूर्पणखा{0/ने},शूर्पणखा,"shurpanakhaa,_by_name"
,राक्षसी,-,राक्षसी{1}{स्त्री-ए.},राक्षसी{0/ने},राक्षसी,demoness
,काम-रूपिणी,-,काम-रूपिणी{1}{स्त्री-ए.},काम-रूपिणी{0/ने},इच्छानुसार~रूप~बनाने~वाली,capable_of_assuming_any_form_at_will
8.1.A,ततः,8.1.CB-A,8.1.Dततः,8.1.Eततः,8.1.Fउसके~बाद,8.1.Gthen
,शूर्पणखा-वाक्यात्,-,शूर्पणखा-वाक्य{5}{नपुं-ए.},शूर्पणखा-वाक्य+{से},शूर्पणखा~के~वचन~से,at_the_instigation_of_shurrpanakha
,उद्युक्तान्,B-B,उद्युक्त{2}{पुं-ब.},उद्युक्त+{को2},युद्ध~हेतु~तत्पर,prepared_for_battle
,सर्व-राक्षसान्,B-B,सर्व-राक्षस{2}{पुं-ब.},सर्व-राक्षस+{को2},सभी~राक्षसों~को,सर्व-राक्षसान्
,खरं,B-B,खर{2}{पुं-ए.},खर+{को2},खरनामक,Khara_by_name
,त्रि-शिरसं,-,त्रि-शिरस{2}{पुं-ए.},त्रि-शिरस+{को2},त्रिशिरा~नामक,"Trishir,by_name"
,च,-,च,च,भी,also
,एव,-,एव,एव,ही,alone
,दूषणं,B-B,दूषण{2}{पुं-ए.},दूषण+{को2},दूषण~नामक,Dushana_by_name
,च,-,च,च,भी,also
,एव,-,एव,एव,ही,alone
,राक्षसम्,B-B,राक्षस{2}{पुं-ए.},राक्षस+{को2},राक्षस~(से),demon
,47,-,47,47,47,47
9.1.A,नि-जघान,9.1.CB-v,9.1.Dनि+हन्{कर्तरि_लिट्_प्रपु_एक},9.1.Eनि+हन्{कर्तरि_लिट्_प्रपु_एक},9.1.Fमारा,9.1.Gkilled
,रणे,-,रण{7}{पुं-ए.},रण+{में/पर},युद्ध~में,in_an_encounter
,रामः,B-A,राम{1}{पुं-ए.},राम+{0/ने},राम~ने,Rama
,तेषाम्,-,तद्{6}{पुं-ब.},तद्+{का},उनके~(राक्षसा~के),their
,च,-,च,च,भी,also
,एव,-,एव,एव,ही,alone
,पदानुगान्,-,पदानुग{2}{पुं-ब.},पदानुग+{को2},अनुयायियों~को,followers
,वने,B-G,वन{7}{नपुं-ए.},वन+{में/पर},वन~में,in_forest
,तस्मिन्,B-G,तद्{7}{नपुं-ए.},तद्+{में/पर},उस~में,in_that_place
,निवसता,B-C,निवसत्{3}{पुं-ए.},निवसत्+{से3},रहते~हुए,by_Rama_while_sojourning
,जन-स्थान-निवासिनाम्,-,जन-स्थान-निवासिन्{6}{पुं-ब.},जन-स्थान-निवासिन्+{का},दण्डकारण्यवासियों,living_in_Janasthana
10.1.A,रक्षसाम्,10.1.CB-F,10.1.Dरक्षस्{6}{नपुं-ब.},10.1.Eरक्षस्+{का},10.1.Fअसुरों~के,10.1.Gof_demons
,नि-हतानि,-,नि-हत{1}{नपुं-ब.},नि-हत+{0/ने},मारे~गए,killed
,आसन्,B-v,अस्{कर्तरि_लङ्_प्रपु_बहु},अस्{कर्तरि_लङ्_प्रपु_बहु},थे,were
,सहस्राणि,B-A,सहस्र{1}{नपुं-ब.},सहस्र+{0/ने},हजार,thousand
,चतुर्दश,B-A,चतुर्दशन्{1}{नपुं-ब.},चतुर्दशन्+{0/ने},चौदह,fourteen
,ततः,B-A,ततः,ततः,उसके~बाद,then
,ज्ञाति-वधम्,B-B,ज्ञाति-वध{2}{पुं-ए.},ज्ञाति-वध+{को2},ज्ञाति-वधम्,the_killing_of_kinsmen
,श्रुत्वा,-,श्रु{क्त्वान्तम्},श्रु{क्त्वान्तम्},सुनकर,having_heard
,रावणः,B-A,रावण{1}{पुं-ए.},रावण+{0/ने},रावणः,Ravana
,क्रोध-मूर्च्छितः,B-A,क्रोध-मूर्छित{1}{पुं-ए.},क्रोध-मूर्छित+{0/ने},क्रोध~से~मूर्छित,stupefied_through_anger
11.1.A,सहायम्,11.1.C-,11.1.Dसहाय{2}{पुं-ए.},11.1.Eसहाय+{को2},11.1.Fसहयोग,11.1.Gthe_help
,वरयामास,-,वरयामास,वरयामास,मांगा,sought
,मारीचम्,-,मारीच{2}{नपुं-ए.},मारीच+{को2},मारीचम्,Maricha
,नाम,-,नाम{1}{नपुं-ए.},नाम+{0/ने},नाम~से~प्रसिद्ध,by_name
,राक्षसम्,B-B,राक्षस{2}{पुं-ए.},राक्षस+{को2},राक्षस~(से),demon
,1.Aश्लोक,1.C-,1.Dश्लोक,1.Eश्लोक,1.Fश्लोक,1.Gश्लोक
2.1.A,वार्यमाणः,2.1.CB-A,2.1.Dवार्यमाण{1}{पुं-ए.},2.1.Eवार्यमाण+{0/ने},2.1.Fरोका~गया,2.1.Gdiscouraged
,सु-बहुशः,-,सु-बहुशः,सु-बहुशः,बार-बार,repeatedly
,मारीचेन,B-C,मारीच{3}{पुं-ए.},मारीच+{से3},मारीच~के~द्वारा,by_Marica
,सः,B-A,तद्{1}{पुं-ए.},तद्+{0/ने},वह~राम,he_(Rama)
,रावणः,B-A,रावण{1}{पुं-ए.},रावण+{0/ने},रावण,Ravana
,न,-,न,न,नहीं~(है),not
,विरोधः,B-A,विरोध{1}{पुं-ए.},विरोध+{0/ने},विरोध,to_make_enemy
,बलवता,B-C,बलवत्{3}{पुं-ए.},बलवत्+{से3},बलवान्,powerful_(Rama)
,क्षमः,B-A,क्षम{1}{पुं-ए.},क्षम+{0/ने},उचित,advisable
,रावण,B-H,रावण{8}{पुं-ए.},रावण{8}{पुं-ए.},रावण,Ravana
,तेन,B-C,तद्{3}{नपुं/पुं.-ए.},तद्+{से3},उस~से,in_that
,ते,B-A,तद्{1}{पुं-ब.},तद्+{0/ने},तुम्हारा,for_you
3.1.A,अनादृत्य,3.1.C-,3.1.Dअनादृत्य,3.1.Eअनादृत्य,3.1.Fअनादृत~करके,3.1.Gturning_adeaf_ear
,तु,-,तु,तु,तु,तु
,तद्वाक्यं,B-B,तद्वाक्य{2}{नपुं-ए.},तद्वाक्य+{को2},उसके~वचन~को,to_his_advice
,रावणः,B-A,रावण{1}{पुं-ए.},रावण+{0/ने},रावण,Ravana
,काल-चोदितः,-,काल-चोदित{1}{पुं-ए.},काल-चोदित+{0/ने},मृत्यु~के~द्वारा~प्रेरित,impelled_by_death
,जगाम,B-v,गम्{कर्तरि_लिट्_प्रपु_एक},गम्{कर्तरि_लिट्_प्रपु_एक},गया,proceeded
,सह-मारीचः,-,सह-मारीच{1}{पुं-ए.},सह-मारीच+{0/ने},सह-मारीचः,along with Marica
,तस्य,B-F,तद्{6}{पुं-ए.},तद्+{का},राम~के,Rama's
,आश्रम-पदं,-,आश्रम-पद{2}{पुं-ए.},आश्रम-पद+{को2},आश्रम~स्थान~को,hermitage
,तदा,-,तदा,तदा,तब,then
4.1.A,तेन,4.1.CB-C,4.1.Dतद्{3}{नपुं/पुं.-ए.},4.1.Eतद्+{से3},4.1.Fउस~से,4.1.Gin_that
,मायाविना,B-C,मायाविन्{3}{पुं-ए.},मायाविन्+{से3},मायावी~के~द्वारा,by_the_wily(Marica)
,दूरम्,B-B,दूर{2}{नपुं-ए.},दूर+{को2},दूर~स्थान~में,afar
,अपवाह्य,-,अपवाह्य,अपवाह्य,हटाकर,having_removed
,नृपात्मजौ,B-B,नृपात्मज{2}{पुं-द्वि.},नृपात्मज+{को2},दोना~राजपुत्रा~को,two_princes_(Rama_and_Lakshmana)
,जहार,B-v,हृ{कर्तरि_लिट्_प्रपु_एक},हृ{कर्तरि_लिट्_प्रपु_एक},चुरा~ले~गया,stole_away
,भार्याम्,B-B,भार्या{2}{स्त्री-ए.},भार्या+{को2},पत्नी~को,wife
,रामस्य,B-F,राम{6}{पुं-ए.},राम+{का},राम~की,Rama's
,गृध्रम्,B-B,गृध्र{2}{पुं-ए.},गृध्र+{को2},गिद्ध,the_vulture
,हत्वा,-,हत्वा,हत्वा,मारकर,having_killed
,जटायुषम्,B-B,जटायुष{2}{पुं-ए.},जटायुष+{को2},जटायु~(का),Jatayu_by_name
5.1.A,गृध्रम्,5.1.CB-B,5.1.Dगृध्र{2}{पुं-ए.},5.1.Eगृध्र+{को2},5.1.Fगिद्ध,5.1.Gthe_vulture
,च,-,च,च,और,and
,नि-हतम्,-,नि-हत{1}{नपुं-ए.},नि-हत+{0/ने},मरणासन्न,mortally_wounded
,दृष्ट्वा,-,दृष्ट्वा,दृष्ट्वा,देख~कर,having_seen
,हृतां,B-B,हृता{2}{स्त्री-ए.},हृता+{को2},अपहृता,forcibly_carried_off
,श्रुत्वा,-,श्रु{क्त्वान्तम्},श्रु{क्त्वान्तम्},सुनकर,having_heard
,च,-,च,च,और,and
,मैथिलीम्,B-B,मैथिली{2}{स्त्री-ए.},मैथिली+{को2},सीता~को,Maithili_(Sita)
,राघवः,B-A,राघव{1}{पुं-ए.},राघव+{0/ने},राम~(ने),a_scion_of_Raghu
,शोक-सन्तप्तः,-,शोक-सन्तप्त{1}{पुं-ए.},शोक-सन्तप्त+{0/ने},दुःखित,tormented_with_grief
,वि-ललाप,-,वि-ललाप,वि-ललाप,विलाप~किया,wailed_loudly
,आकुलेन्द्रियः,B-A,आकुलेन्द्रिय{1}{पुं-ए.},आकुलेन्द्रिय+{0/ने},व्यथित,mind_agitated
6.1.A,ततः,6.1.CB-A,6.1.Dततः,6.1.Eततः,6.1.Fउसके~बाद,6.1.Gthen
,तेन,B-C,तद्{3}{नपुं/पुं.-ए.},तद्+{से3},उस~से,in_that
,एव,-,एव,एव,ही,also
,शोकेन,B-C,शोक{3}{पुं-ए.},शोक+{से3},शोक~से,in_state_of_grief
,गृध्रम्,B-B,गृध्र{2}{पुं-ए.},गृध्र+{को2},गिद्ध,the_vulture
,दग्ध्वा,-,दग्ध्वा,दग्ध्वा,दाह~संस्कार~करके,having_cremated
,जटायुषम्,B-B,जटायुष{2}{पुं-ए.},जटायुष+{को2},जटायु~(का),Jatayu_by_name
,मार्गमाणः,B-A,मार्गमाण{1}{पुं-ए.},मार्गमाण+{0/ने},खोजते~हुए,hunting_up
,वने,B-G,वन{7}{नपुं-ए.},वन+{में/पर},वन~में,in_the_forest
,सीताम्,B-B,सीता{2}{स्त्री-ए.},सीता+{को2},सीता~को,Sita
,राक्षसम्,B-B,राक्षस{2}{पुं-ए.},राक्षस+{को2},राक्षस~को,demon
,सं-ददर्श,B-v,सं-दृश्{कर्तरि_लिट्_प्रपु_एक},सं-दृश्{कर्तरि_लिट्_प्रपु_एक},देखा,saw
,ह,-,ह,ह,(प्रसिद्धार्थक~अव्यय),so_the_tradition_goes
7.1.A,कबन्धम्,7.1.CB-B,7.1.Dकबन्ध{2}{पुं-ए.},7.1.Eकबन्ध+{को2},7.1.Fकबन्ध~को,7.1.Gto_Kabandha
,नाम,-,नाम,नाम,नामक,by_name
,रूपेण,B-C,रूप{3}{नपुं-ए.},रूप+{से3},रूप~से,of_body
,वि-कृतम्,-,वि-कृत{2}{पुं-ए.},वि-कृत+{को2},विकृत,deformed
,घोर-दर्शनम्,-,घोर-दर्शन{2}{पुं-ए.},घोर-दर्शन+{को2},भयङ्कर,having_terrible_look
,तम्,B-B,तद्{2}{पुं-ए.},तद्+{को2},उसको,him
,निहत्य,-,निहत्य,निहत्य,मारकर,having_killed
,महा-बाहुः,B-A,महा-बाहु{1}{पुं-ए.},महा-बाहु+{0/ने},लम्बी~भुजाओं~वाले~राम~ने,the_mighty_armed_Rama
,ददाह,B-v,दह्{कर्तरि_लिट्_प्रपु_एक},दह्{कर्तरि_लिट्_प्रपु_एक},दहन~किया,cremated
,स्वः,-,स्वः,स्वः,स्वर्ग,to_heaven
,गतः,B-A,गत{1}{पुं-ए.},गत+{0/ने},चला~गया,ascended
,च,-,च,च,और,and
,सः,B-A,तद्{1}{पुं-ए.},तद्+{0/ने},वह~राम,he_(Rama)
8.1.A,स,8.1.C-,8.1.Dस,8.1.Eस,8.1.Fवह,8.1.Gthat
,च,-,च,च,और,and
,अस्य,B-F,इदम्{6}{ए.},इदम्+{का},राम~को,to_Rama
,कथयामास,B-v,कथ+णिच्{कर्तरि_लिट्_प्रपु_एक},कथ+णिच्{कर्तरि_लिट्_प्रपु_एक},कहा,said
,शबरीम्,B-B,शबरी{2}{स्त्री-ए.},शबरी+{को2},शबरी~(के~पास),to_shabari
,धर्म-चारिणीम्,-,धर्म-चारिणी{2}{स्त्री-ए.},धर्म-चारिणी+{को2},धर्माचरण~करने~वाली,to_pious
,श्रमणाम्,B-B,श्रमणा{2}{स्त्री-ए.},श्रमणा+{को2},सन्यासिनी,hermitess
,धर्म-निपुणाम्,-,धर्म-निपुणा{2}{स्त्री-ए.},धर्म-निपुणा+{को2},धर्मशीला,well-versed_in_the_principles_of_right_piousness
,अभि-गच्छ,-,अभि-गच्छ,अभि-गच्छ,जाओ,go
,इति,-,इति,इति,ऐसा,having~said~that
,राघव,-,राघव{8/1}{पुं-ए.},राघव{8/1}{पुं-ए.},राघव,Raghava
9.1.A,सः,9.1.CB-A,9.1.Dतद्{1}{पुं-ए.},9.1.Eतद्+{0/ने},9.1.Fवह~राम,9.1.Ghe_(Rama)
,अभ्यगच्छत्,B-v,अभि+गम्{कर्तरि_लङ्_प्रपु_एक},अभि+गम्{कर्तरि_लङ्_प्रपु_एक},गया,approached
,महा-तेजाः,-,महा-तेजस्{1}{पुं-ए.},महा-तेजस्+{0/ने},अत्यन्त~तेजस्वी,the_highly_glorious
,शबरीम्,B-B,शबरी{2}{स्त्री-ए.},शबरी+{को2},शबरी~(के~पास),to_shabari
,शत्रु-सूदनः,-,शत्रु-सूदन{1}{पुं-ए.},शत्रु-सूदन+{0/ने},शत्रुओं~के~विनाशक,the_destroyer_of_foes
,शबर्या,B-C,शबरी{3}{स्त्री-ए.},शबरी+{से3},शबरी~के~द्वारा,by_shabari
,पूजितः,B-A,पूजित{1}{पुं-ए.},पूजित+{0/ने},पूजित~हुए,worshipped
,सम्यक्,-,सम्यक्,सम्यक्,भली~भाँति,duly
,रामः,B-A,राम{1}{पुं-ए.},राम+{0/ने},राम,shri_Rama_by_name
,दशरथात्मजः,B-A,दशरथात्मज{1}{पुं-ए.},दशरथात्मज+{0/ने},दशरथ~पुत्र,the_son_of_Dasharatha
10.1.A,पम्पा-तीरे,10.1.CB-G,10.1.Dपम्पा-तीर{7}{नपुं-ए.},10.1.Eपम्पा-तीर+{में/पर},10.1.Fपम्पा~नामक~सरोवर~के~किनारे,10.1.Gon_the_bank_of_pampa_lake
,हनुमता,B-C,हनुमत्{3}{पुं-ए.},हनुमत्+{से3},हनुमान्~के~साथ,with_Hanuman
,सङ्गतः,B-A,सङ्गत{1}{पुं-ए.},सङ्गत+{0/ने},मिला,came_in_contact
,वानरेण,B-C,वानर{3}{पुं-ए.},वानर+{से3},बन्दर,monkey
,ह,-,ह,ह,(प्रसिद्धार्थक~अव्यय),so_the_tradition_goes
,हनुमद्-वचनात्,B-A,हनुमद्-वचन{5}{नपुं-ए.},हनुमद्-वचन+{से},और~हनुमान~के~कहने,and_at_the_intercession_of_Hanuman
,च,-,च,च,और,and
,एव,-,एव,एव,ही,also
,सुग्रीवेण,B-C,सुग्रीव{3}{पुं-ए.},सुग्रीव+{से3},सुग्रीव~से,Sugriva
,समागतः,B-A,समागत{1}{पुं-ए.},समागत+{0/ने},मिला,made_friendship
11.1.A,सुग्रीवाय,11.1.CB-D,11.1.Dसुग्रीवाय{4}{पुं-ए.},11.1.Eसुग्रीवाय+{को4},11.1.Fसुग्रीव~को,11.1.Gto_Sugriva
,च,-,च,च,और,and
,तत्सर्वं,-,तत्सर्वं,तत्सर्वं,तत्सर्वं,that all
,शंसत्,B-v,शंस्{कर्तरि_लङ्_प्रपु_एक},शंस्{कर्तरि_लङ्_प्रपु_एक},सुनाया,narrated
,रामः,B-A,राम{1}{पुं-ए.},राम+{0/ने},राम,shri_Rama_by_name
,महा-बलः,B-A,महाबल{1}{पुं-ए.},महाबल+{0/ने},महा-बलः,exceedingly_powerful(Rama)
,1.Aश्लोक,1.C-,1.Dश्लोक,1.Eश्लोक,1.Fश्लोक,1.Gश्लोक
2.1.A,सुग्रीवः,2.1.CB-A,2.1.Dसुग्रीव{1}{पुं-ए.},2.1.Eसुग्रीव+{0/ने},2.1.Fसुग्रीव,2.1.GSugriva
,अपि,-,अपि,अपि,अपि,too
,तत्,B-B,तद्{2}{नपुं-ए.},तद्+{को2},वह,that
,सर्वं,B-B,सर्व{2}{नपुं-ए.},सर्व+{को2},सर्वं,the whole
,श्रुत्वा,-,श्रु{क्त्वान्तम्},श्रु{क्त्वान्तम्},सुनकर,having_heard
,रामस्य,B-F,राम{6}{पुं-ए.},राम+{का},राम~का,of_Rama
,वानरः,B-A,वानर{1}{पुं-ए.},वानर+{0/ने},वानर,the_monkey
3.1.A,चकार,3.1.CB-v,3.1.Dकृ{कर्तरि_लिट्_प्रपु_एक},3.1.Eकृ{कर्तरि_लिट्_प्रपु_एक},3.1.Fकिया,3.1.Gmade
,सख्यं,B-B,सख्य{2}{नपुं-ए.},सख्य+{को2},मित्रता,friendship
,रामेण,B-C,राम{3}{पुं-ए.},राम+{से3},राम~के~द्वारा,by_shri_Rama
,प्रीतः,B-A,प्रीत{1}{पुं-ए.},प्रीत+{0/ने},प्रसन्न,pleased
,च,-,च,च,और,and
,एव,-,एव,एव,ही,alone
,अग्नि-साक्षिकम्,B-B,अग्नि-साक्षिक{2}{नपुं-ए.},अग्नि-साक्षिक+{को2},अग्नि~को~साक्षी~मानकर,in_the_presence_of_(sacred)_fire_as_witness
,ततः,B-A,ततः,ततः,तब,then
,वानर-राजेन,B-C,वानर-राज{3}{पुं-ए.},वानर-राज+{से3},वानरराज~(सुग्रीव)~के~द्वारा,by_chief_of_monkey_(Sugriva)
,वैरानुकथनम्,B-B,वैरानुकथन{2}{नपुं-ए.},वैरानुकथन+{को2},वैरानुकथनम्,his enemity
,प्रति,-,प्रति,प्रति,के~प्रति,with_regard_to
4.1.A,रामाय,4.1.CB-D,4.1.Dराम{4}{पुं-ए.},4.1.Eराम+{को4},4.1.Fराम~(से),4.1.Gto_shri_Rama
,आवेदितम्,B-A,आवेदित{1}{नपुं-ए.},आवेदित+{0/ने},निवेदन~किया~गया,reported
,सर्वम्,B-B,सर्व{2}{नपुं-ए.},सर्व+{को2},सब~कुछ,the_whole
,प्रणयात्,B-A,प्रणय{5}{पुं-ए.},प्रणय+{से},प्रेम~के~कारण,out_of_affection
,दुःखितेन,B-C,दुःखित{3}{पुं-ए.},दुःखित+{से3},दुःखित,afflicted
,च,-,च,च,और,and
,प्रति-ज्ञातम्,B-A,प्रतिज्ञात{1}{नपुं-ए.},प्रतिज्ञात+{0/ने},के~प्रति-ज्ञातम्,a vow was taken
,च,-,च,च,और,and
,रामेण,B-C,राम{3}{पुं-ए.},राम+{से3},राम~के~द्वारा,by_shri_Rama
,तदा,-,तदा,तदा,तब,then
,वालि-वधं,B-B,वालि-वध{2}{पुं-ए.},वालि-वध+{को2},वालि~वध,Killing_of_vali
,प्रति,-,प्रति,प्रति,के~प्रति,with_regard_to
,62,-,62,62,62,62
5.1.A,वालिनः,5.1.CB-F,5.1.Dवालिन्{6}{पुं-ए.},5.1.Eवालिन्+{का},5.1.Fवाली~की,5.1.Gof_Vali
,च,-,च,च,और,and
,बलम्,B-B,बल{2}{पुं-ए.},बल+{को2},शक्ति~को,strength
,तत्र,-,तत्र,तत्र,युद्ध~में,in_the_course_of_that_encounter
,कथयामास,B-v,कथ+णिच्{कर्तरि_लिट्_प्रपु_एक},कथ+णिच्{कर्तरि_लिट्_प्रपु_एक},कहा,described
,वानरः,B-A,वानर{1}{पुं-ए.},वानर+{0/ने},वानर,the_monkey
,सुग्रीवः,B-A,सुग्रीव{1}{पुं-ए.},सुग्रीव+{0/ने},सुग्रीव,Sugriva
,शङ्कितः,B-A,शङ्कित{1}{पुं-ए.},शङ्कित+{0/ने},सन्देह~युक्त,full_of_misgivings
,च,-,च,च,और,and
,आसीत्,B-v,अस्{कर्तरि_लङ्_प्रपु_एक},अस्{कर्तरि_लङ्_प्रपु_एक},था,was
,नित्यं,B-B,नित्य{2}{नपुं-ए.},नित्य+{को2},नित्यं,ever
,वीर्येण,B-C,वीर्य{3}{नपुं-ए.},वीर्य+{से3},बल~(के~विषय~में),in_the_matter_of_prowess
,राघवे,B-G,राघव{7}{पुं-ए.},राघव+{में/पर},राम~(के),concerning_Rama
6.1.A,राघव-प्रत्ययार्थम्,6.1.C-,6.1.Dराघव-प्रत्ययार्थम्{2}{नपुं-ए.}-,6.1.Eराघव-प्रत्ययार्थम्+{को2},6.1.Fराम~के~विश्वास~के~लिए,6.1.Gin_order_to_convince_shri_Rama
,तु,-,तु,तु,तु,too
,दुन्दुभेः,B-F,दुन्दुभि{6}{पुं-ए.},दुन्दुभि+{का},दुन्दभि~नामक~राक्षस~के,of_dundubhi
,कायम्,B-B,काय{2}{पुं-ए.},काय+{को2},शरीर~को,skeleton
,उत्तमम्,B-B,उत्तम{2}{पुं-ए.},उत्तम+{को2},बडे,tall
,दर्शयामास,B-v,दृश्+णिच्{कर्तरि_लिट्_प्रपु_एक},दृश्+णिच्{कर्तरि_लिट्_प्रपु_एक},दिखलाया,actually_showed
,सुग्रीवः,B-A,सुग्रीव{1}{पुं-ए.},सुग्रीव+{0/ने},सुग्रीव,Sugriva
,महा-पर्वत-सन्निभम्,-,महा-पर्वत-सन्निभ{2}{पुं-ए.},महा-पर्वत-सन्निभ+{को2},महा-पर्वत-सन्निभम्,looking like a big mountain
7.1.A,उत्स्मयित्वा,7.1.C-,7.1.Dउत्स्मयित्वा,7.1.Eउत्स्मयित्वा,7.1.Fऔर~हँस~कर,7.1.Gsmiling
,महा-बाहुः,B-A,महा-बाहु{1}{पुं-ए.},महा-बाहु+{0/ने},लम्बे~बाहु~वाला,the_mighty_armed
,प्रेक्ष्य,-,प्रेक्ष्य,प्रेक्ष्य,देख~कर,glaring
,च,-,च,च,और,and
,अस्थि,B-B,अस्थि{2}{नपुं-ए.},अस्थि+{को2},अस्थि~(को),bone
,महा-बलः,B-A,महाबल{1}{पुं-ए.},महाबल+{0/ने},महाबली,possessed_of_extra_ordinary_strength
,पादाङ्गुष्ठेन,-,पादाङ्गुष्ठ{3}{पुं.-ए.},पादाङ्गुष्ठ+{से3},पादाङ्गुष्ठेन,with his big toe full
,चिक्षेप,B-v,क्षिप्{कर्तरि_लिट्_प्रपु_एक},क्षिप्{कर्तरि_लिट्_प्रपु_एक},फेंका,hurled
,सम्पूर्णं,B-B,सम्पूर्ण{2}{नपुं-ए.},सम्पूर्ण+{को2},पूरे,all
,दश-योजनम्,-,दश-योजन{2}{नपुं-ए.},दश-योजन+{को2},दश~योजन~तक,distance_of_eighty_miles
8.1.A,बिभेद,8.1.CB-v,8.1.Dभिद्{कर्तरि_लिट्_प्रपु_एक},8.1.Eभिद्{कर्तरि_लिट्_प्रपु_एक},8.1.Fभेद~दिया,8.1.Gpierced
,च,-,च,च,और,and
,पुनः,-,पुनः,पुनः,पुनः,"again,Further"
,सालान्,B-B,साल{2}{पुं-ब.},साल+{को2},साल~वृक्षा~को,palmyra_trees
,सप्त,B-B,सप्तन्{2}{पुं-ब.},सप्तन्+{को2},सात,seven
,एकेन,B-C,एक{3}{पुं-ए.},एक+{से3},एक,single
,महेषुणा,-,महेषु{3}{पुं.-ए.},महेषु+{को2},बाण~से,mighty_shaft
,गिरिम्,-,गिरि{2}{पुं-ए.},गिरि+{को2},गिरिम्,a hillock
,रसातलं,B-B,रसातल{2}{नपुं-ए.},रसातल+{को2},रसातलं,the sixth subterranean plane
,चैव,-,चैव,चैव,चैव,as well as
,जनयन्,B-A,जनयत्{1}{पुं-ए.},जनयत्+{0/ने},जगाते~हुए,in_order_to_inspire
,प्रत्ययं,B-B,प्रत्यय{2}{पुं-ए.},प्रत्यय+{को2},प्रत्ययं,confidence
,तदा,-,तदा,तदा,तब,then
9.1.A,ततः,9.1.CB-A,9.1.Dततः,9.1.Eततः,9.1.Fतब,9.1.Gthen
,प्रीत-मनाः,B-A,प्रीतमनस्{1}{पुं-ए.},प्रीतमनस्+{0/ने},प्रसन्नचित्त,pleased
,तेन,B-C,तद्{3}{नपुं/पुं.-ए.},तद्+{से3},उससे,(distracted)_by_that
,विश्वस्तः,B-A,विश्वस्त{1}{पुं-ए.},विश्वस्त+{0/ने},विश्वस्त,contended
,सः,B-A,तद्{1}{पुं-ए.},तद्+{0/ने},वह,he(Sugriva)
,महा-कपिः,-,महा-कपि{1}{पुं-ए.},महा-कपि+{0/ने},वानर~सुग्रीव,the_great_monkey
,किष्किन्धाम्,B-B,किष्किन्धा{2}{स्त्री-ए.},किष्किन्धा+{को2},किष्किन्धा,to_kishkindha
,राम-सहितः,B-A,राम-सहित{1}{पुं-ए.},राम-सहित+{0/ने},राम~के~साथ,with_Rama
,जगाम,B-v,गम्{कर्तरि_लिट्_प्रपु_एक},गम्{कर्तरि_लिट्_प्रपु_एक},गया,marched
,च,-,च,च,और,and
,गुहाम्,B-B,गुहा{2}{स्त्री-ए.},गुहा+{को2},गुफा,cave
,तदा,-,तदा,तदा,तब,then
10.1.A,ततः,10.1.CB-A,10.1.Dततः,10.1.Eततः,10.1.Fतब,10.1.Gthen
,अगर्जत्,B-v,गर्ज्{कर्तरि_लङ्_प्रपु_एक},गर्ज्{कर्तरि_लङ्_प्रपु_एक},गरजा,roared
,हरि-वरः,-,हरि-वर{1}{पुं-ए.},हरि-वर+{0/ने},वानर~श्रेष्ठ,the_monkey_chief
,सुग्रीवः,B-A,सुग्रीव{1}{पुं-ए.},सुग्रीव+{0/ने},सुग्रीव,Sugriva
,हेम-पिङ्गलः,-,हेम-पिङ्गल{1}{पुं-ए.},हेम-पिङ्गल+{0/ने},हेम-पिङ्गलः,tawny as gold
,तेन,B-C,तद्{3}{नपुं/पुं.-ए.},तद्+{से3},उससे,(distracted)_by_that
,नादेन,B-C,नाद{3}{पुं-ए.},नाद+{से3},ध्वनि~से,the_king_of_the
,महता,B-C,महत्{3}{नपुं/पुं.-ए.},महत्+{से3},उँची,great_roar
,निर्जगाम,B-v,निर्+गम्{कर्तरि_लिट्_प्रपु_एक},निर्+गम्{कर्तरि_लिट्_प्रपु_एक},निकला,Sallied_forth
,हरीश्वरः,B-A,हरीश्वर{1}{पुं-ए.},हरीश्वर+{0/ने},वानर~राज~(वाली),king_of_the_monkeys_(Vali)
11.1.A,अनु-मान्य,11.1.C-,11.1.Dअनु-मान्य,11.1.Eअनु-मान्य,11.1.Fअनु-मान्य,11.1.Ghaving reassured
,तदा,-,तदा,तदा,तब,then
,तारां,B-B,तारा{2}{स्त्री-ए.},तारा+{को2},तारां,Tara (Vali's wife)
,सुग्रीवेण,B-C,सुग्रीव{3}{पुं-ए.},सुग्रीव+{से3},सुग्रीव~से,convinced_with_sugriva
,समागतः,B-A,समागत{1}{पुं-ए.},समागत+{0/ने},आया,came
,नि-जघान,B-v,नि+हन्{कर्तरि_लिट्_प्रपु_एक},नि+हन्{कर्तरि_लिट्_प्रपु_एक},मार~दिया,killed
,च,-,च,च,और,and
,तत्र,-,तत्र,तत्र,युद्ध~में,in_the_course_of_that_encounter
,एनं,B-B,एतद्{2}{पुं-ए.},एतद्+{को2},इसे~(बाली~को),him(Vali)
,शरेण,B-C,शर{3}{पुं-ए.},शर+{से3},बाण~से,arrow
,एकेन,B-C,एक{3}{पुं-ए.},एक+{से3},एक,single
,राघवः,B-A,राघव{1}{पुं-ए.},राघव+{0/ने},राम~ने,the_scion_of_Raghu
12.1.A,ततः,12.1.CB-A,12.1.Dततः,12.1.Eततः,12.1.Fतब,12.1.Gthen
,सुग्रीव-वचनात्,B-A,सुग्रीव-वचन{5}{नपुं-ए.},सुग्रीव-वचन+{से},सुग्रीव-वचनात्,due_to_Sugriva's_plea
,हत्वा,-,हत्वा,हत्वा,मारकर,having_killed
,वालिनम्,B-B,वालिन्{2}{पुं-ए.},वालिन्+{को2},वाली~को,to_Vali
,आहवे,B-G,आहव{7}{पुं-ए.},आहव+{में/पर},युद्ध~में,in_an_encounter
,सुग्रीवम्,B-B,सुग्रीव{2}{पुं-ए.},सुग्रीव+{को2},सुग्रीव~को,Sugriva_himself
,एव,-,एव,एव,ही,alone
,तद्-राज्ये,-,तद्-राज्य{7}{नपुं-1-ए.},तद्-राज्य+{में/पर},उस~राज्य~में,in_Vali's_throne
,राघवः,B-A,राघव{1}{पुं-ए.},राघव+{0/ने},राम~ने,the_scion_of_Raghu
,प्रत्यपादयत्,B-v,प्रति+पद्+णिच्{कर्तरि_लङ्_प्रपु_एक},प्रति+पद्+णिच्{कर्तरि_लङ्_प्रपु_एक},बैठाया,installed
,1.Aश्लोक,1.C-,1.Dश्लोक,1.Eश्लोक,1.Fश्लोक,1.Gश्लोक
2.1.A,सः,2.1.CB-A,2.1.Dतद्{1}{पुं-ए.},2.1.Eतद्+{0/ने},2.1.Fवह~हनुमान्,2.1.Ghe_(Hanuman)
,च,-,च,च,और,and
,सर्वान्,B-B,सर्व{2}{पुं-ब.},सर्व+{को2},सभी,all
,समानीय,-,समानीय,समानीय,बुलाकर~(इकट्ठा~करके),bringing_together
,वानरान्,B-B,वानर{2}{पुं-ब.},वानर+{को2},बन्दरा~को,the_monkeys
,वानरर्षभः,B-A,वानरर्षभ{1}{पुं-ए.},वानरर्षभ+{0/ने},वानरों~में~श्रेष्ठ,Great_among_the_monkeys
,दिशः,B-B,दिश्{2}{स्त्री-ब.},दिश्+{को2},चारा~दिशाओं~में,in_all_directions
,प्र-स्थापयामास,-,प्र-स्थापयामास,प्र-स्थापयामास,भेजा,sent
,दिदृक्षुः,B-A,दिदृक्षु{1}{पुं-ए.},दिदृक्षु+{0/ने},देखने~का~इच्छुक,Desirous_to_see
,जनकात्मजाम्,B-B,जनकात्मजा{2}{स्त्री-ए.},जनकात्मजा+{को2},जनक~की~पुत्री~सीता~को,to_the_daughter_of_Janaka(Sita)
3.1.A,ततः,3.1.CB-A,3.1.Dततः,3.1.Eततः,3.1.Fउसके~बाद,3.1.Gthereafter
,गृधस्य,B-F,गृध{6}{पुं-ए.},गृध+{का},गिद्ध~पक्षी~के,vulture
,वचनात्,B-A,वचन{5}{नपुं-ए.},वचन+{से},कथन~से,according_to_the_counsel
,सम्पातेः,B-F,सम्पाति{6}{पुं-ए.},सम्पाति+{का},सम्पाति~नाम~के,Sampati_by_name
,हनुमान्,B-A,हनुमत्{1}{पुं-ए.},हनुमत्+{0/ने},हनुमान्,Hanuman
,बली,B-A,बलिन्{1}{पुं-ए.},बलिन्+{0/ने},बलवान्,mighty
,शत-योजन-विस्तीर्णं,-,शत-योजन-विस्तीर्ण{2}{नपुं-ए.},शत-योजन-विस्तीर्ण+{को2},सौ~योजन~विस्तृत~(चार~सौ~कोस),800_miles_broad
,पुप्लुवे,B-v,प्लु{कर्तरि_लिट्_प्रपु_एक},प्लु{कर्तरि_लिट्_प्रपु_एक},पार~किया,leapt_across
,लवणार्णवम्,B-B,लवणार्णव{2}{पुं-ए.},लवणार्णव+{को2},खारा~सागर~को,brackish_sea
4.1.A,तत्र,4.1.C-,4.1.Dतत्र,4.1.Eतत्र,4.1.Fवहाँ~(लङ्का~में),4.1.Gthere(in_Lanka)
,लङ्काम्,-,लङ्का{2}{स्त्री-ए.},लङ्का+{को2},लङ्काम्,Lanka
,समासाद्य,-,समासाद्य,समासाद्य,पहुँच~कर,having_reached
,पुरीम्,B-B,पुरी{2}{स्त्री-ए.},पुरी+{को2},नगरी~को,the_city
,रावण-पालिताम्,B-8B-B,रावण-पालिता{2}{स्त्री-ए.},रावण-पालिता+{को2},रावण~द्वारा~पालित~,ruled_over_by_Ravana
,ददर्श,B-v,दृश्{कर्तरि_लिट्_प्रपु_एक},दृश्{कर्तरि_लिट्_प्रपु_एक},देखा,saw
,सीताम्,B-B,सीत{2}{स्त्री-ए.},सीत+{को2},सीता~को,Sita
,ध्यायन्तीम्,B-B,ध्यायन्ती{2}{स्त्री-ए.},ध्यायन्ती+{को2},स्मरण~करती~हुई,contemplating(Rama)
,अशोक-वनिकाम्,-,अशोक-वनिका{2}{स्त्री-ए.},अशोक-वनिका+{को2},अशोक~वाटिका~में,in_the_Ashoka_grove
,गताम्,B-B,गता{2}{स्त्री-ए.},गता+{को2},स्थित,confined
5.1.A,नि-वेदयित्वा,5.1.C-,5.1.Dनि-वेदयित्वा,5.1.Eनि-वेदयित्वा,5.1.Fसमर्पित~कर,5.1.Ghaving_presented
,अभि-ज्ञानम्,-,अभि-ज्ञान{2}{नपुं-ए.},अभि-ज्ञान+{को2},परिचायक~वस्तु,the_souvenir
,प्रवृत्तिम्,B-B,प्रवृत्ति{2}{स्त्री-ए.},प्रवृत्ति+{को2},घटनाओं~को,incidents
,वि-नि-वेद्य,-,वि-नि-वेद्य,वि-नि-वेद्य,बतलाकर,having_described
,च,-,च,च,और,and
,समाश्वास्य,-,समाश्वास्य,समाश्वास्य,आश्वस्त~कर,having_consoled
,च,-,च,च,और,and
,वैदेहीम्,B-B,वैदेही{2}{स्त्री-ए.},वैदेही+{को2},सीता~को,Sita
,मर्दयामास,B-v,मर्द+णिच्{कर्तरि_लिट्_प्रपु_एक},मर्द+णिच्{कर्तरि_लिट्_प्रपु_एक},ध्वस्त~कर~दिया,demolished
,तोरणम्,B-B,तोरण{2}{नपुं-ए.},तोरण+{को2},अशोक~वाटिका~के~प्रवेश~द्वार~को,outer_gate_of_Ashoka_garden
6.1.A,पञ्च,6.1.CB-B,6.1.Dपञ्चन्{2}{पुं-ब.},6.1.Eपञ्चन्+{को2},6.1.Fपाँच,6.1.Gfive
,सेनाग्रगान्,B-B,सेनाग्रग{2}{पुं-ब.},सेनाग्रग+{को2},सेनापतियों~को,army_commanders
,हत्वा,-,हत्वा,हत्वा,मारकर,having_killed
,सप्त,B-B,सप्तन्{2}{पुं-ब.},सप्तन्+{को2},सात,seven
,मन्त्रि-सुतान्,B-B,मन्त्रि-सुत{2}{पुं-ब.},मन्त्रि-सुत+{को2},मंत्रियों~के~पुत्रा~को,sons_of_ministers
,अपि,-,अपि,अपि,भी,also
,शूरम्,B-B,शूर{2}{पुं-ए.},शूर+{को2},शौर्यगुणयुक्त,gallant
,अक्षं,B-B,अक्ष{2}{पुं-ए.},अक्ष+{को2},अक्ष~को,Aksa
,च,-,च,च,और,and
,निष्पिष्य,-,निष्पिष्य,निष्पिष्य,चूर्ण~करके,having_crushed
,ग्रहणं,B-B,ग्रहण{2}{पुं-ए.},ग्रहण+{को2},ब्रह्मास्त्र~बन्धन~म,to_be_bound
,समुपागमत्,B-v,सम+उप+गम्{कर्तरि_लुङ्_प्रपु_एक},सम+उप+गम्{कर्तरि_लुङ्_प्रपु_एक},पहुँच~गया,allowed_himself
7.1.A,अस्त्रेण,7.1.CB-C,7.1.Dअस्त्र{3}{नपुं-ए.},7.1.Eअस्त्र+{से3},7.1.Fब्रह्मास्त्र~से,7.1.Gby_Brahmastra
,उन्मुक्तम्,B-B,उन्मुक्त{2}{पुं-ए.},उन्मुक्त+{को2},मुक्त,released
,आत्मानम्,B-B,आत्मन्{2}{पुं-ए.},आत्मन्+{को2},अपने~आप~को,himself
,ज्ञात्वा,-,ज्ञात्वा,ज्ञात्वा,जानकर,having_known
,पैतामहात्,B-A,पैतामह{5}{पुं-ए.},पैतामह+{से},ब्रह्मा~से~प्राप्त,received_from_Pitamaha_Brahma
,वरात्,B-A,वर{5}{पुं-ए.},वर+{से},वरदान~के~कारण,in_consequence_of_boon_by_the_missiles
,मषर्यन्,B-A,मषर्यत्{1}{पुं-ए.},मषर्यत्+{0/ने},सहन~करते~हुए,bearing_with
,राक्षसान्,-,राक्षस{2}{पुं-ब.},राक्षस+{को2},राक्षसों~को,demons
,वीरः,B-A,वीर{1}{पुं-ए.},वीर+{0/ने},वीर,the_hero_(Hanuman)
,यन्त्रिणः,-,यन्त्रिन्{1}{पुं-ब.},यन्त्रिन्+{0/ने},बांधकर~ले~जानेवाले,who_can_bind_him_in_bondage
,तान्,-,तान्,तान्,उनको,those
,यदृच्छया,-,यदृच्छा{1}{स्त्री-ए.},यदृच्छा+{से3},अपनी~इच्छा~से,deliberately
8.1.A,ततः,8.1.CB-A,8.1.Dततः},8.1.Eततः,8.1.Fउसके~बाद,8.1.Gthereafter
,दग्ध्वा,-,दग्ध्वा,दग्ध्वा,जलाकर,having_set_on_fire
,पुरीं,B-B,पुरी{2}{स्त्री-ए.},पुरी+{को2},पुरीं,the city
,लङ्काम्,-,लङ्का{2}{स्त्री-ए.},लङ्का+{को2},लङ्काम्,to_the_Lanka_by_name
,ऋते,-,ऋते,ऋते,छोड.कर,leaving
,सीतां,B-B,सीता{2}{स्त्री-ए.},सीता+{को2},सीतां,सीतां
,च,-,च,च,और,and
,मैथिलीम्,B-B,मैथिली{2}{स्त्री-ए.},मैथिली+{को2},मिथिला~नरेश~की~पुत्री,to_the_princess_of_Mithila
,रामाय,B-D,राम{4}{पुं-ए.},राम+{को4},राम~को,to_Rama
,प्रियम्,B-B,प्रिय{2}{पुं-ए.},प्रिय+{को2},प्रिय,delightful
,आख्यातुम्,-,आख्यातुम्,आख्यातुम्,कहने~के~लिए,to_say
,पुनः,-,पुनः,पुनः,फिर,again
,आयात्,B-v,आ+या{कर्तरि_लङ्_प्रपु_एक},आ+या{कर्तरि_लङ्_प्रपु_एक},आया,returned_back
,महा-कपिः,-,महा-कपि{1}{पुं-ए.},महा-कपि+{0/ने},वानर~श्रेष्ठ~(हनुमान्),the_great_monkey_(Hanuman)
9.1.A,सः,9.1.CB-A,9.1.Dतद्{1}{पुं-ए.},9.1.Eतद्+{0/ने},9.1.Fवह~हनुमान्,9.1.Ghe_(Hanuman)
,अभि-गम्य,-,अभि-गम्य,अभि-गम्य,पास~जाकर,having_approached
,महात्मानम्,B-B,महात्मन्{2}{पुं-ए.},महात्मन्+{को2},महान्,high_souled
,कृत्वा,-,कृत्वा,कृत्वा,करके,having_done
,रामं,B-B,राम{2}{पुं-ए.},राम+{को2},रामं,to_Rama
,प्र-दक्षिणम्,-,प्र-दक्षिण{2}{नपुं-ए.},प्र-दक्षिण+{को2},प्र-दक्षिणम्,moving_around_clockwise
,न्यवेदयत्,-,न्यवेदयत्,न्यवेदयत्,निवेदन~किया,submitted
,अमेयात्मा,-,अमेयात्मन्{1}{पुं-ए.},अमेयात्मन्+{0/ने},अपरिमेय~बुद्धि~सम्पन्न,having_unmeasurable_intelligence
,दृष्टा,-,दृष्टा,दृष्टा,देखी~गई,had_been_seen
,सीता,-,सीता{1}{स्त्री-ए.},सीता+{0/ने},सीता,Sita
,इति,-,इति,इति,इस~प्रकार,that
,तत्त्वतः,-,तत्त्वतः,तत्त्वतः,वस्तुतः,in_reality
10.1.A,ततः,10.1.CB-A,10.1.Dततः,10.1.Eततः,10.1.Fउसके~बाद,10.1.Gthereafter
,सुग्रीव-सहितः,B-A,सुग्रीव-सहित{1}{पुं-ए.},सुग्रीव-सहित+{0/ने},सुग्रीव~के~साथ,accompanied_by_Sugriva
,गत्वा,-,गत्वा,गत्वा,जाकर,having_moved
,तीरं,B-B,तीर{2}{नपुं-ए.},तीर+{को2},तट~को,to_the_shore
,महोदधेः,B-F,महोदधि{6}{पुं-ए.},महोदधि+{का},समुद्र~के,of_the_great_ocean
,समुद्रं,B-B,समुद्र{2}{पुं-ए.},समुद्र+{को2},समुद्र~को,to_the_sea
,क्षोभयामास,B-v,क्षुभ+णिच्{कर्तरि_लिट्_प्रपु_एक},क्षुभ+णिच्{कर्तरि_लिट्_प्रपु_एक},आकुल~किया,shook_to_its_lowest_depth
,शरैः,B-C,शर{3}{पुं-ब.},शर+{से3},बाणों~से,with_arrows
,आदित्य-सन्निभैः,B-C,आदित्य-सन्निभ{3}{पुं-ब.},आदित्य-सन्निभ+{से3},आदित्य-सन्निभैः,like_the_glorious_sun
11.1.A,दर्शयामास,11.1.CB-v,11.1.Dदृश्+णिच्{कर्तरि_लिट्_प्रपु_एक},11.1.Eदृश्+णिच्{कर्तरि_लिट्_प्रपु_एक},11.1.Fदिखाया,11.1.Grevealed
,च,-,च,च,और,and
,आत्मानम्,B-B,आत्मन्{2}{पुं-ए.},आत्मन्+{को2},अपने~आप~को,himself
,समुद्रः,B-A,समुद्र{1}{पुं-ए.},समुद्र+{0/ने},समुद्र,ocean
,सरितां,B-F,सरित्{6}{स्त्री-ब.},सरित्+{का},नदिया~के,of_the_rivers
,पतिः,B-A,पति{1}{पुं-ए.},पति+{0/ने},पति,the_lord
,समुद्र-वचनात्,B-A,समुद्र-वचन{5}{नपुं-ए.},समुद्र-वचन+{से},समुद्र-कथन~से,at_the_intercession_of_the_sea
,च,-,च,च,और,and
,एव,-,एव,एव,ही,only
,नलं,B-B,नल{2}{पुं-ए.},नल+{को2},नल~से,by_Nala
,सेतुम्,B-B,सेतु{2}{पुं-ए.},सेतु+{को2},पुल,a_bridge
,अकारयत्,B-v,कृ+णिच्{कर्तरि_लङ्_प्रपु_एक},कृ+णिच्{कर्तरि_लङ्_प्रपु_एक},बनवाया,caused_to_build
,1.Aश्लोक,1.C-,1.Dश्लोक,1.Eश्लोक,1.Fश्लोक,1.Gश्लोक
2.1.A,तेन,2.1.CB-C,2.1.Dतद्{3}{नपुं/पुं.-ए.},2.1.Eतद्+{से3},2.1.Fउस~पुल~से,2.1.Gwith_that
,गत्वा,-,गत्वा,गत्वा,जाकर,having_reached
,पुरीम्,B-B,पुरी{2}{स्त्री-ए.},पुरी+{को2},पुरी~को,to_the_city
,लङ्काम्,-,लङ्का{2}{स्त्री-ए.},लङ्का+{को2},लङ्का~को,Lanka
,हत्वा,-,हत्वा,हत्वा,मारकर,having_killed
,रावणम्,B-B,रावण{2}{पुं-ए.},रावण+{को2},रावण~को,to_Ravana
,आहवे,-,आहव{7}{पुं-ए.},आहव+{में/पर},युद्ध~में,in_combat
,रामः,B-A,राम{1}{पुं-ए.},राम+{0/ने},राम,shri_Rama
,सीताम्,B-B,सीता{2}{स्त्री-ए.},सीता+{को2},सीता~को,to_Sita
,अनु-प्राप्य,-,अनुप्राप्य,अनुप्राप्य,प्राप्त~कर,having_got_back
,पराम्,B-B,परा{2}{स्त्री-ए.},परा+{को2},अत्यधिक,great
,व्रीडाम्,B-B,व्रीडा{2}{स्त्री-ए.},व्रीडा+{को2},लज्जा~को,sense_of_shame
,उपागमत्,B-v,उप+आ+गम्{कर्तरि_लुङ्_प्रपु_एक},उप+आ+गम्{कर्तरि_लुङ्_प्रपु_एक},अनुभव~किया,experienced(felt)
3.1.A,ताम्,3.1.CB-B,3.1.Dतद्{2}{स्त्री-ए.},3.1.Eतद्+{को2},3.1.Fउस~(सीता)~को,3.1.Gto_her(Sita)
,उवाच,B-v,वच्{कर्तरि_लिट्_प्रपु_एक},वच्{कर्तरि_लिट्_प्रपु_एक},बोले,spoke
,ततः,B-A,ततः,ततः,तब,then
,रामः,B-A,राम{1}{पुं-ए.},राम+{0/ने},राम,shri_Rama
,परुषम्,B-B,परुष{2}{नपुं-ए.},परुष+{को2},कठोर,harsh_(words)
,जन-संसदि,-,जन-संसद्{7}{स्त्री-ए.},जन-संसद्+{में/पर},लोगों~के~समुदाय~में,in_the_assembly
,अमृष्यमाणा,-,अमृष्यमाणा{1}{स्त्री-ए.},अमृष्यमाणा+{0/ने},न~सहन~करती~हुई,resenting
,सा,-,तद्{1}{स्त्री-ए.},तद्+{0/ने},वह~(सीता),she
,सीता,-,सीता{1}{स्त्री-ए.},सीता+{0/ने},सीता,Sita
,विवेश,-,विवेश,विवेश,प्रवेश~कर~गयी,entered
,ज्वलनम्,-,ज्वलन{2}{नपुं-ए.},ज्वलन+{को2},अग्नि~(में),in_fire
,सती,-,सती{1}{स्त्री-ए.},सती+{0/ने},सती,chaste
4.1.A,ततः,4.1.CB-A,4.1.Dततः,4.1.Eततः,4.1.Fतब,4.1.Gthen
,अग्नि-वचनात्,B-A,अग्नि-वचन{1}{नपुं-ए.},अग्नि-वचन+{0/ने},अग्निदेव~के~वचन~से,from_the_words_of_fire_god
,सीताम्,B-B,सीता{2}{स्त्री-ए.},सीता+{को2},सीता~को,Sita
,ज्ञात्वा,-,ज्ञात्वा,ज्ञात्वा,जानकर,having_known
,विगत-कल्मषाम्,-,विगत-कल्मषा{2}{स्त्री-ए.},विगत-कल्मषा+{को2},दोषरहित,sinless
,कर्मणा,B-C,कर्मन्{3}{नपुं-ए.},कर्मन्+{से3},कार्य~से,feat(achievment)
,तेन,-,तद्{3}{पुं-ए.},तद्+{से3},पूर्वोक्त,with_that
,महता,B-C,महत्{3}{नपुं/पुं.-ए.},महत्+{से3},श्रेष्ठ,remarkable
,त्रैलोक्यम्,B-A,त्रैलोक्य{1}{नपुं-ए.},त्रैलोक्य+{0/ने},तीनों_लोक,all_the_three_worlds
,स-चराचरम्,-,स-चराचर{1}{नपुं-ए.},स-चराचर+{0/ने},जड~एवं~चेतन,comprising_animate_and_inanimate_creature
5.1.A,स-देवर्षि-गणं,5.1.C-,5.1.Dस-देवर्षि-गण{1}{नपुं-ए.},5.1.Eस-देवर्षि-गण+{0/ने},5.1.Fदेवर्षिगणों~से,5.1.G
,तुष्टं,B-A,तुष्ट{1}{नपुं-ए.},तुष्ट+{0/ने},प्रसन्न~हुए,pleased
,राघवस्य,B-F,राघव{6}{पुं-ए.},राघव+{का},राम~के,of_shri_Rama
,महात्मनः,-,महात्मन्{6}{पुं-ए.},महात्मन्+{का},महापुरुष,of_the_high_souled
,बभौ,B-v,भा{कर्तरि_लिट्_प्रपु_एक},भा{कर्तरि_लिट्_प्रपु_एक},हुए,was
,रामः,B-A,राम{1}{पुं-ए.},राम+{0/ने},राम,shri_Rama
,सम्-प्रहृष्टः,-,सम्-प्रहृष्ट{1}{पुं-ए.},सम्-प्रहृष्ट+{0/ने},प्रसन्न हुए,extremely_delighted
,पूजितः,B-A,पूजित{1}{पुं-ए.},पूजित+{0/ने},पूजित,honoured
,सर्व-दैवतैः,-,सर्व-दैवत{3}{नपुं-ए.},सर्व-दैवत+{से3},सभी~देवताओं से,by_all_the_gods
6.1.A,अभि-षिच्य,6.1.C-,6.1.Dअभि-षिच्य,6.1.Eअभि-षिच्य,6.1.Fअभिषिक्त~कर,6.1.Ghaving_installed
,च,-,च,च,और,and
,लङ्कायाम्,-,लङ्काया{7}{स्त्री-ए.},लङ्काया+{में/पर},लङ्का~में,on_the_throne_of_Lanka
,राक्षसेन्द्रम्,B-B,राक्षसेन्द्र{2}{पुं-ए.},राक्षसेन्द्र+{को2},राक्षसराज,the_chief_of_ogres
,वि-भीषणम्,-,वि-भीषण{2}{पुं-ए.},वि-भीषण+{को2},वि-भीषणम्,Vibhishana
,कृत-कृत्यः,-,कृत-कृत्य{1}{पुं-ए.},कृत-कृत्य+{0/ने},कृत-कृत्यः,felt_accomplished_of_purpose
,तदा,-,तदा,तदा,उसी~दिन,then
,रामः,B-A,राम{1}{पुं-ए.},राम+{0/ने},राम,shri_Rama
,वि-ज्वरः,-,वि-ज्वर{1}{पुं-ए.},वि-ज्वर+{0/ने},वि-ज्वरः,rid_of_anxiety
,प्र-मुमोद,-,प्र-मुमोद,प्र-मुमोद,प्र-मुमोद,greatly_rejoiced
,ह,-,ह,ह,ह,ह
,85,-,85,85,85,85
7.1.A,देवताभ्यः,7.1.CB-A,7.1.Dदेवता{5}{स्त्री-ए.},7.1.Eदेवता+{से},7.1.Fदेवताौओं~से,7.1.Gfrom_the_gods
,वरम्,B-B,वर{2}{पुं-ए.},वर+{को2},वरदान,a_boon
,प्राप्य,-,प्राप्य,प्राप्य,प्राप्त~कर,having_received
,समुत्थाप्य,-,समुत्थाप्य,समुत्थाप्य,सचेत~करके,having_aroused
,च,-,च,च,और,and
,वानरान्,-,वानर{2}{पुं-ब.},वानर+{को2},वानरान्,to_the_monkeys
,अयोध्याम्,B-B,अयोध्या{2}{स्त्री-ए.},अयोध्या+{को2},अयोध्या~(की~ओर),to_Ayodhaya
,प्र-स्थितः,-,प्र-स्थित{1}{पुं-ए.},प्र-स्थित+{0/ने},प्र-स्थितः,flew
,रामः,B-A,राम{1}{पुं-ए.},राम+{0/ने},राम,shri_Rama
,पुष्पकेण,B-C,पुष्पक{3}{पुं-ए.},पुष्पक+{से3},पुष्पक~विमान~से,by_pushpaka
,सुहृद्-वृतः,-,सुहृद्-वृत{1}{पुं-ए.},सुहृद्-वृत+{0/ने},सुहृद्-वृतः,accompanied_by_his_relations_and_friends
8.1.A,भरद्वाजाश्रमम्,8.1.C-,8.1.Dभरद्वाजाश्रम{2}{पुं-ए.},8.1.Eभरद्वाजाश्रम+{को2},8.1.Fभरद्वाज~के~आश्रम,8.1.Gthe_hermitage_of_the_sage
,गत्वा,-,गत्वा,गत्वा,जाकर,having_reached
,आ-रामः,B-A,आ-राम{1}{पुं-ए.},आ-राम+{0/ने},आ-राम,one_who_gives_pleasure_to_all
,सत्य-पराक्रमः,-,सत्य-पराक्रमः{1}{पुं-ए.},सत्य-पराक्रमः+{0/ने},सत्य-पराक्रमः,having_unfailing_prowess
,भरतस्य,-,भरत{6}{पुं-ए.},भरत+{का},भरत~के,of_Bharata
,अन्तिके,-,अन्तिक{7}{नपुं-ए.},अन्तिक+{में/पर},समीप,to_the_presence
,रामः,B-A,राम{1}{पुं-ए.},राम+{0/ने},राम,shri_Rama
,हनूमन्तम्,-,हनूमत्{2}{पुं-ए.},हनूमत्+{को2},हनुमान्~को,to_Hanuman
,व्यसर्जयत्,B-v,वि_सृज्+णिच्{कर्तरि_लङ्_प्रपु_एक},वि_सृज्+णिच्{कर्तरि_लङ्_प्रपु_एक},भेजा,"despatched,sent"
9.1.A,पुनः,9.1.C-,9.1.Dपुनः,9.1.Eपुनः,9.1.Fफिर,9.1.Gonce_more
,आख्यायिकाम्,B-B,आख्यायिका{2}{स्त्री-ए.},आख्यायिका+{को2},वृत्तान्त,past_history
,जल्पन्,B-A,जल्पत्{1}{पुं-ए.},जल्पत्+{0/ने},कहते~हुए,narrating
,सुग्रीव-सहितः,B-A,सुग्रीव-सहित{1}{पुं-ए.},सुग्रीव-सहित+{0/ने},सुग्रीव-सहितः,accompanied_by_Sugriva
,तदा,-,तदा,तदा,तदा,then
,पुष्पकम्,B-B,पुष्पक{2}{नपुं-ए.},पुष्पक+{को2},पुष्पकम्,Pushpakam
,तत्,B-B,तद्{2}{नपुं-ए.},तद्+{को2},तत्,that
,समारुह्य,-,समारुह्य,समारुह्य,बैठकर,having_boarded
,नन्दि-ग्रामम्,-,नन्दि-ग्राम{2}{पुं-ए.},नन्दि-ग्राम+{को2},नन्दि-ग्रामम्,to_Nandigrama
,ययौ,B-v,या{कर्तरि_लिट्_प्रपु_एक},या{कर्तरि_लिट्_प्रपु_एक},पहुँचे,flew
,तदा,-,तदा,तदा,उसी~दिन,then
10.1.A,नन्दि-ग्रामे,10.1.CB-G,10.1.Dनन्दिग्राम{7}{पुं-ए.},10.1.Eनन्दिग्राम+{में/पर},10.1.Fनन्दि-ग्रामे,10.1.Gat_Nandigrama
,जटाम्,B-B,जटा{2}{स्त्री-ए.},जटा+{को2},जटा~को,matted_hair
,हित्वा,-,हित्वा,हित्वा,त्यागकर,having_disentangled
,भ्रातृभिः,B-C,भ्रातृ{3}{पुं-ब.},भ्रातृ+{से3},भ्रातृभिः,with_brothers
,सहितः,B-A,सहित{1}{पुं-ए.},सहित+{0/ने},सहितः,accompanied
,अनघः,-,अनघ{1}{पुं-ए.},अनघ+{0/ने},अनघः,the_sinless
,रामः,B-A,राम{1}{पुं-ए.},राम+{0/ने},राम,shri_Rama
,सीताम्,B-B,सीता{2}{स्त्री-ए.},सीता+{को2},सीता~को,Sita
,अनु-प्राप्य,-,अनुप्राप्य,अनुप्राप्य,अनु-प्राप्त~कर,having_got_back
,राज्यम्,B-B,राज्य{2}{नपुं-ए.},राज्य+{को2},राज्य~को,(his)_kingdom
,पुनः,-,पुनः,पुनः,फिर,once_more
,अवाप्तवान्,B-A,अवाप्तवत्{1}{पुं-ए.},अवाप्तवत्+{0/ने},अवाप्तवान्,regained
11.1.A,प्रहृष्ट-मुदितः,11.1.C-,11.1.Dप्रहृष्ट-मुदित{1}{पुं-ए.},11.1.Eप्रहृष्ट-मुदित+{0/ने},11.1.Fप्रहृष्ट-मुदितः,11.1.Gmuch_delighted
,लोकः,B-A,लोक{1}{पुं-ए.},लोक+{0/ने},लोग,people
,तुष्टः,B-A,तुष्ट{1}{पुं-ए.},तुष्ट+{0/ने},सन्तुष्ट,cheerful_or_contended
,पुष्टः,B-A,पुष्ट{1}{पुं-ए.},पुष्ट+{0/ने},पुष्ट,well-fed
,सु-धार्मिकः,-,सु-धार्मिक{1}{पुं-ए.},सु-धार्मिक+{0/ने},सु-धार्मिकः,exceedingly_pious
,निरामयः,-,निरामय{1}{पुं-ए.},निरामय+{0/ने},निरामयः,free_from_mental_agony
,हि,-,हि,हि,तो,positively
,अरोगः,B-A,अरोग{1}{पुं-ए.},अरोग+{0/ने},शारीरिक~रोग~रहित,free_from_bodily_ailment
,च,-,च,च,और,and
,दुर्भिक्ष-भय-वर्जितः,B-A,दुर्भिक्ष-भय-वर्जित{1}{पुं-ए.},दुर्भिक्ष-भय-वर्जित+{0/ने},दुर्भिक्ष-भय-वर्जितः,rid_of_famine_and_fear
,1.Aश्लोक,1.C-,1.Dश्लोक,1.Eश्लोक,1.Fश्लोक,1.Gश्लोक
2.1.A,न,2.1.C-,2.1.Dन,2.1.Eन,2.1.Fन,2.1.Gnor
,पुत्र-मरणं,-,पुत्र-मरण{1}{नपुं-ए.},पुत्र-मरण+{को2},पुत्र~मरण,death_of_(their)_son_or_daughter
,केचित्,-,केचित्,केचित्,कोई,any
,द्रक्ष्यन्ति,B-v,दृश्{कर्तरि_लृट्_प्रपु_बहु},दृश्{कर्तरि_लृट्_प्रपु_बहु},देखेगा,will_witness
,पुरुषः,B-A,पुरुष{1}{पुं-ब.},पुरुष+{0/ने},पुरुष,men
,क्वचित्,-,क्वचित्,क्वचित्,कहीं,where
,नार्यः,B-A,नारी{1}{स्त्री-ब.},नारी+{0/ने},नारियाँ,women
,च,-,च,च,और,and
,अविधवाः,B-A,अविधवा{1}{स्त्री-ब.},अविधवा+{0/ने},अविधवा,not_widows
,नित्यं,B-B,नित्य{2}{नपुं-ए.},नित्य+{को2},--,ever
,भविष्यन्ति,B-v,भू{कर्तरि_लृट्_प्रपु_बहु},भू{कर्तरि_लृट्_प्रपु_बहु},रहेगीं,will_be
,पति-व्रताः,B-A,पति-व्रता{1}{स्त्री-ब.},पति-व्रता+{0/ने},पतिव्रता,will_be_ever_devoted_to_their_husbands
3.1.A,न,3.1.C-,3.1.Dन,3.1.Eन,3.1.Fन,3.1.Gnor
,च,-,च,च,और,and
,अग्नि-जम्,-,अग्नि-ज{1}{नपुं-ए.},अग्नि-ज+{0/ने},अग्नि~से~होने~वाला,caused_by_fire
,भयम्,B-A,भय{1}{नपुं-ए.},भय+{0/ने},भय,fear
,किञ्चित्,-,किञ्चित्,किञ्चित्,कोई,any
,न,-,न,न,न,nor
,अप्सु,B-G,अप्{7}{स्त्री-ब.},अप्+{में/पर},जल~में,in_water
,मज्जन्ति,B-v,मस्ज्{कर्तरि_लट्_प्रपु_बहु},मस्ज्{कर्तरि_लट्_प्रपु_बहु},डूबते~हैं,be_drowned
,जन्तवः,-,जन्तु{1}{पुं-ब.},जन्तु+{0/ने},प्राणी,living_beings
,न,-,न,न,न,nor
,वातजम्,B-A,वातज{1}{नपुं-ए.},वातज+{0/ने},वायु~सम्बद्ध,caused_by_wind
,भयम्,B-A,भय{1}{नपुं-ए.},भय+{0/ने},भय,fear
,किञ्चित्,-,किञ्चित्,किञ्चित्,कोई,any
,न,-,न,न,न,nor
,अपि,-,अपि,अपि,भी,also
,ज्वर-कृतं,-,ज्वर-कृत{1}{नपुं-ए.},ज्वर-कृत+{0/ने},ज्वर~से,(fear)_caused_by_fever
,तथा,-,तथा,तथा,और,and_(other_sacrifices)
4.1.A,न,4.1.C-,4.1.Dन,4.1.Eन,4.1.Fन,4.1.Gnor
,च,-,च,च,और,and
,अपि,-,अपि,अपि,भी,also
,क्षुद्-भयं,B-A,क्षुद्-भय{1}{नपुं-ए.},क्षुद्-भय+{0/ने},भूख~का~भय,fear_of_starvation
,तत्र,-,तत्र,तत्र,वहाँ~न~(राम~राज्य~में),there
,न,-,न,न,न,nor
,तस्कर-भयं,B-A,तस्कर-भय{1}{नपुं-ए.},तस्कर-भय+{0/ने},चोर~का~भय,the_fear_of_thieves
,तथा,-,तथा,तथा,और,and
,नगराणि,B-A,नगर{1}{नपुं-ब.},नगर+{0/ने},नगर,cities
,च,-,च,च,और,and
,राष्ट्राणि,B-A,राष्ट्र{1}{नपुं-ब.},राष्ट्र+{0/ने},प्रदेश,states
,धन-धान्य-युतानि,B-A,धन-धान्य-युत{1}{नपुं-ब.},धन-धान्य-युत+{0/ने},सर्वसमृद्धिशाली,(will_be)_full_of_riches_and_food_grains
,च,-,च,च,और,and
,93,-,93,93,93,93
5.1.A,नित्यं,5.1.CB-B,5.1.Dनित्य{2}{नपुं-ए.},5.1.Eनित्य+{को2},5.1.Fहमेशा,5.1.Gever
,प्र-मुदिताः,-,प्र-मुदित{1}{नपुं-ब.},प्र-मुदित+{0/ने},प्रसन्न,extremely_happy
,सर्वे,B-A,सर्व{1}{पुं-ब.},सर्व+{0/ने},सभी~लोग,all
,यथा,-,यथा,यथा,जैसे,as
,कृत-युगे,-,कृत-युग{7}{नपुं-ए.},कृत-युग+{में/पर},सतयुग~में,in_Satyayuga
,तथा,-,तथा,तथा,वैसे,-
,अश्वमेध-शतैः,-,अश्वमेध-शत{3}{पुं-ब.},अश्वमेध-शत+{से3},सैकडों~अश्वमेधों~से,through_hundreds_of_horse_sacrifices
,इष्ट्वा,-,इष्ट्वा,इष्ट्वा,यज्ञों~को~करके,having_propitiated
,तथा,-,तथा,तथा,और,and_(other_sacrifices)
,बहु-सुवर्णकैः,-,बहु-सुवर्णकैः{3}{नपुं-ब.},बहु-सुवर्णकैः+{से3},प्रचुर~सुवर्ण~के~उपयोग~वाले,involving_the_use_of_abundant_gold
,94,-,94,94,94,94
6.1.A,गवां,6.1.CB-F,6.1.Dगो{6}{पुं-ब.},6.1.Eगो+{का},6.1.Fगौओं~के,6.1.Gof_cows
,कोट्ययुतं,B-B,कोट्ययुत{2}{नपुं-ए.},कोट्ययुत+{को2},दस~हजार~करोड,billion
,दत्त्वा,-,दत्त्वा,दत्त्वा,देकर,having_given
,विद्वद्भ्यः,B-D,विद्वस्{4}{पुं-ब.},विद्वस्+{को4},विद्वानों~(को),on_the_learned
,विधि-पूर्वकम्,-,विधि-पूर्वक{2}{नपुं-ए.},विधि-पूर्वक+{को2},विधि~विधान~के~अनुसार,bestowed_with_due_ceremony
,असंख्येयं,B-B,असंख्येय{2}{नपुं-ए.},असंख्येय+{को2},असंख्येय,uncountable
,धनं,B-B,धन{2}{नपुं-ए.},धन+{को2},धन~को,riches
,दत्त्वा,-,दत्त्वा,दत्त्वा,देकर,having_given
,ब्राह्मणेभ्यः,B-D,ब्राह्मण{4}{पुं-ब.},ब्राह्मण+{को4},ब्राह्मणों~(को),Brahmins
,महा-यशाः,-,महा-यशस्{1}{पुं-ब.},महा-यशस्+{0/ने},महान्~यश~वाले,having_great_fame
,95,-,95,95,95,95
7.1.A,राज-वंशान्,7.1.C-,7.1.Dराज-वंश{2}{पुं-ब.},7.1.Eराज-वंश+{को2},7.1.Fराजवंशों~को,7.1.Gto_royal_dynasties
,शत-गुणान्,-,शत-गुण{2}{पुं-ब.},शत-गुण+{को2},सौ~गुने,a_hundred_times
,स्थापयिष्यति,B-v,स्था_णिच्{कर्तरि_लृट्_प्रपु_एक},स्था_णिच्{कर्तरि_लृट्_प्रपु_एक},स्थापित~करेगा,will_establish
,राघवः,-,राघव{1}{पुं-ए.},राघव+{0/ने},राम,Sri_Rama
,चातुर्वण्यं,B-B,चातुर्वण्य{2}{नपुं-ए.},चातुर्वण्य+{को2},चारो~वर्णों~को,four_grades_of_society
,च,-,च,च,और,and
,लोके,B-G,लोक{7}{पुं-ए.},लोक+{में/पर},लोक~में,society
,अस्मिन्,B-G,इदम्{7}{पुं-ए.},इदम्+{में/पर},इस,in_this
,स्वे-स्वे,B-7B-G,स्व{7}{पुं./नपुं-ए.}-स्व{7}{पुं./नपुं-ए.},स्व+{में/पर},अपने~अपने,their_own
,धर्मे,B-G,धर्म{7}{नपु-ए.},धर्म+{में/पर},धर्म~में,duties
,नि-योक्ष्यति,-,नि-योक्ष्यति,नि-योक्ष्यति,लगाएगा,will_direct
,96,-,96,96,96,96
8.1.A,दश-वर्ष-सहस्राणि,8.1.CB-A,8.1.Dदश-वर्ष-सहस्र{1}{नपुं-ब.},8.1.Eदश-वर्ष-सहस्र+{0/ने},8.1.Fदश~हजार~वर्ष,8.1.Gten_thousand_years
,दश-वर्ष-शतानि,-,दश-वर्ष-शत{1}{नपुं-ब.},दश-वर्ष-शत+{0/ने},एक~हजार~वर्ष,one_thousand_years
,च,-,च,च,और,and
,रामः,B-A,राम{1}{पुं-ए.},राम+{0/ने},राम,shri_Rama
,राज्यम्,B-B,राज्य{2}{नपुं-ए.},राज्य+{को2},राज्य~(की),(his)_kingdom
,उपासित्वा,-,उपासित्वा,उपासित्वा,सेवा~करके,having_served
,ब्रह्मलोकं,B-B,ब्रह्मलोक{2}{पुं-ए.},ब्रह्मलोक+{को2},ब्रह्मलोक~को,to_Brahmaloka
,प्र-यास्यति,-,प्र-यास्यति,प्र-यास्यति,जाएगा,will_ascend
9.1.A,इदम्,9.1.CB-B,9.1.Dइदम्{2}{नपुं-ए.},9.1.Eइदम्+{को2},9.1.Fयह~राम~का~चरित,9.1.Gthis(narrative_story_of_Rama)
,पवित्रम्,B-B,पवित्र{2}{नपुं-ए.},पवित्र+{को2},पवित्र,capable_of_purifying
,पापघ्नम्,B-B,पापघ्न{2}{नपुं-ए.},पापघ्न+{को2},पापनाशक,capable_of_wiping_out_sins
,पुण्यम्,B-B,पुण्य{2}{नपुं-ए.},पुण्य+{को2},पुण्य,sacred
,वैदैः,-,वैद{3}{पुं-ब.},वैद+{से3},वेदों~से,as_par_with_the_Vedas
,च,-,च,च,और,and
,सम्मितम्,-,सम्मित{2}{नपुं-ए.},सम्मित+{को2},सम्मत,treated
,यः,B-A,यत्{1}{पुं-ए.},यत्+{0/ने},जो~(व्यक्ति),(he)_who
,पठेत्,B-v,पठ्{कर्तरि_लिङ्_प्रपु_एक},पठ्{कर्तरि_लिङ्_प्रपु_एक},पढे,reads
,राम-चरितम्,-,राम-चरित{2}{नपुं-ए.},राम-चरित+{को2},राम~की~कथा,narrative_of_Sri_Rama
,सर्व-पापैः,-,सर्व-पाप{3}{पुं-ब.},सर्व-पाप+{से3},सभी~पापों~से,from_all_sins
,प्र-मुच्यते,-,प्र-मुच्यते,प्र-मुच्यते,मुक्त~हो~जाता~है,will_be_completely_absolved
10.1.A,एतत्,10.1.CB-B,10.1.Dएतद्{2}{नपुं-ए.},10.1.Eएतद्+{को2},10.1.Fयह,10.1.Gthis
,आख्यानम्,-,आख्यान{2}{नपुं-ए.},आख्यान+{को2},कथा~को,narrative
,आयुष्यं,B-B,आयुष्य{2}{नपुं-ए.},आयुष्य+{को2},दीर्घायुष्य~कारक,conducive_to_longevity
,पठन्,B-A,पठत्{1}{पुं-ए.},पठत्+{0/ने},पढता~हुआ,by_reading_(it)
,रामायणं,B-A,रामायण{1}{नपुं-ए.},रामायण+{0/ने},रामायण~को,related_to_Rama
,नरः,-,नर{1}{पुं-ए.},नर+{0/ने},मनुष्य,a_man
,स-पुत्र-पौत्रः,-,स-पुत्र-पौत्र{1}{पुं-ए.},स-पुत्र-पौत्र+{0/ने},पुत्र~पौत्र~के~साथ,along_with_his_sons_and_grand-sons
,स-गणः,-,स-गण{1}{पुं-ए.},स-गण+{0/ने},अनुयायियों~के~साथ,along_with_his_followers_and_attendants
,प्रेत्य,-,प्रेत्य,प्रेत्य,शरीर~त्याग~कर,having_departed_from_this_world
,स्वर्गे,B-G,स्वर्ग{7}{पुं-ए.},स्वर्ग+{में/पर},स्वर्ग~लोक~में,in_heaven
,महीयते,B-v,मही{कर्मणि_लट्_प्रपु_एक},मही{कर्मणि_लट्_प्रपु_एक},पूजा~जाता~है,be_honoured
,99,-,99,99,99,99
11.1.A,पठन्,11.1.CB-A,11.1.Dपठत्{1}{पुं-ए.},11.1.Eपठत्+{0/ने},11.1.Fपढता~हुआ,11.1.Gby_reading_(it)
,द्विजः,B-A,द्विज{1}{पुं-ए.},द्विज+{0/ने},ब्राह्मण,a_brahmin
,वाक्,-,वाक्{2}{नपुं-ए.},वाक्+{को2},वाक्,in eloquence
,ऋषभत्वम्,-,ऋषभत्व{2}{नपुं-ए.},ऋषभत्व+{को2},चातुर्य,fair to attain eminence
,ईयात्,-,इण्{कर्तरि_आशीर्लिङ्_प्रपु_एक},इण्{कर्तरि_आशीर्लिङ्_प्रपु_एक},प्राप्त~करे,may_attain
,स्यात्,-,अस्{कर्तरि_आशीर्लिङ्_प्रपु_एक},अस्{कर्तरि_आशीर्लिङ्_प्रपु_एक},यदि,if
,क्षत्रियः,-,क्षत्रिय{1}{पुं-ए.},क्षत्रिय+{0/ने},क्षत्रिय,a_kshatriya
,भूमि-पतित्वम्,-,भूमि-पतित्व{2}{नपुं-ए.},भूमि-पतित्व+{को2},भूमि~के~स्वामित्व~को,lordship_over_the_earth
,ईयात्,-,ईयात्,ईयात्,प्राप्त~करे,may_attain
,वणिक्,-,वणिक्{1}{पुं-ए.},वणिक्+{0/ने},वैश्य,a_merchant
,जनः,B-A,जन{1}{पुं-ए.},जन+{0/ने},--,person
,पण्य-फलत्वम्,-,पण्य-फलत्व{2}{नपुं-ए.},पण्य-फलत्व+{को2},व्यापारलाभ,profit_in_trade
,ईयात्,-,इण्{कर्तरि_आशीर्लिङ्_प्रपु_एक},इण्{कर्तरि_आशीर्लिङ्_प्रपु_एक},प्राप्त~करे,may_attain
,जनः,B-A,जन{1}{पुं-ए.},जन+{0/ने},व्यक्ति,person
,च,-,च,च,और,and
,शूद्रः,B-A,शूद्र{1}{पुं-ए.},शूद्र+{0/ने},शूद्र~वर्ग~का~व्यक्ति,man_belonging_to_Sudra_class
,अपि,-,अपि,अपि,भी,also
,महत्त्वम्,B-B,महत्त्व{2}{नपुं-ए.},महत्त्व+{को2},महत्त्वम्,to_superiority
,ईयात्,-,इण्{कर्तरि_आशीर्लिङ्_प्रपु_एक},इण्{कर्तरि_आशीर्लिङ्_प्रपु_एक},प्राप्त~करे,may_attain
